ID,Mentor or Mentee?,Preference 1,Preference 2,Preference 3,Preference 4,Preference 5,Preference 6,Preference 7,Preference 8,Preference 9,Preference 10,Preference 11,Preference 12,Preference 13,Preference 14,Preference 15,Industry,Rank 1,Rank 2,Rank 3,Rank 4,Rank 5,Rank 6,Rank 7
0,Mentor,57,154,173,199,135,26,125,64,17,54,34,51,53,182,28,Automotive;Pharmaceuticals;Energy;Agriculture;Real Estate,3,9,10,8,6,2,1
1,Mentor,81,89,7,195,59,183,56,21,167,154,177,139,39,170,150,Automotive;Information Technology;Transportation and Logistics,10,4,2,7,1,9,8
2,Mentor,170,51,2,61,113,177,156,16,33,151,102,135,166,184,17,Agriculture,9,6,2,7,3,5,10
3,Mentor,64,98,128,78,34,124,189,150,37,147,71,14,4,154,157,Biotechnology;Transportation and Logistics,10,9,4,7,8,5,2
4,Mentor,139,159,173,36,110,123,84,24,41,7,81,166,48,23,157,Automotive,2,5,3,8,6,10,1
5,Mentor,72,20,114,1,94,131,7,83,184,41,120,99,28,69,140,Information Technology;Biotechnology;Telecommunications;Energy;Real Estate,9,4,10,7,2,5,3
6,Mentor,151,84,3,27,97,78,7,100,31,107,149,21,53,188,176,Biotechnology;Hospitality;Mining;Transportation and Logistics,7,2,6,1,10,5,4
7,Mentor,71,138,36,21,162,3,140,122,5,40,0,121,31,186,157,Transportation and Logistics;Hospitality;Consumer Goods,7,10,6,9,1,3,5
8,Mentor,96,174,3,22,184,162,51,172,182,55,91,76,33,17,45,Pharmaceuticals;Agriculture;Manufacturing,6,8,10,1,5,9,2
9,Mentor,121,157,110,184,97,124,187,64,180,48,191,43,71,24,126,Real Estate;Automotive;Mining;Consumer Goods,3,8,10,4,1,2,7
10,Mentor,112,22,61,193,94,85,141,186,177,195,143,37,138,35,39,Information Technology;Energy;Consumer Goods,4,3,8,9,2,6,10
11,Mentor,11,0,91,59,165,187,61,180,131,36,15,122,97,176,77,Mining,4,5,3,8,1,6,2
12,Mentor,78,21,24,119,169,85,197,149,151,195,26,180,22,154,159,Automotive;Transportation and Logistics;Pharmaceuticals,8,9,2,10,7,1,5
13,Mentor,43,138,98,74,169,195,91,136,79,104,89,162,165,94,88,Mining;Manufacturing;Consumer Goods;Biotechnology,10,2,8,1,4,9,6
14,Mentor,15,40,115,60,160,184,182,96,93,157,159,194,134,17,9,Transportation and Logistics;Manufacturing;Mining;Construction;Consumer Goods,6,2,7,8,4,10,1
15,Mentor,181,22,131,166,191,114,151,154,167,41,48,130,172,112,35,Pharmaceuticals,1,3,7,10,5,6,9
16,Mentor,20,71,69,7,156,19,61,122,15,0,151,182,56,4,26,Mining;Biotechnology,5,2,4,3,8,7,6
17,Mentor,31,10,66,74,69,60,126,170,106,49,100,35,162,177,63,Agriculture;Consumer Goods;Real Estate;Telecommunications,9,1,10,6,8,2,5
18,Mentor,177,176,138,116,35,30,49,103,123,0,20,53,17,150,48,Telecommunications;Construction;Hospitality;Automotive,2,5,3,6,10,7,9
19,Mentor,17,20,170,141,5,102,22,114,144,139,175,132,146,131,115,Energy;Real Estate;Construction;Hospitality;Mining,5,3,4,1,6,8,10
20,Mentor,144,86,115,199,11,155,113,150,54,40,88,43,163,95,151,Agriculture;Transportation and Logistics;Information Technology;Mining;Construction,4,10,8,7,3,5,9
21,Mentor,182,22,32,167,185,89,36,195,188,137,3,56,170,169,146,Information Technology,4,3,6,1,10,5,8
22,Mentor,99,167,188,120,48,70,59,4,19,49,149,165,41,44,55,Transportation and Logistics;Mining;Pharmaceuticals;Real Estate,6,8,3,4,1,7,10
23,Mentor,172,182,59,143,43,21,4,185,154,83,35,10,55,137,69,Energy;Transportation and Logistics;Real Estate;Information Technology,10,7,9,1,5,2,8
24,Mentor,127,106,191,91,84,82,26,143,67,75,64,164,114,57,43,Pharmaceuticals;Real Estate;Mining;Agriculture,5,7,2,3,8,1,9
25,Mentor,19,151,43,20,52,71,131,94,98,36,22,88,83,15,27,Consumer Goods;Biotechnology;Mining,3,9,1,6,8,2,10
26,Mentor,195,144,184,183,81,67,108,110,134,10,16,15,70,89,199,Agriculture;Construction;Information Technology,6,9,5,3,4,8,2
27,Mentor,164,44,11,66,41,131,145,35,15,180,150,167,26,75,32,Pharmaceuticals,6,2,9,3,5,1,7
28,Mentor,3,90,129,17,109,82,122,6,16,79,48,72,155,142,127,Information Technology;Construction;Pharmaceuticals;Hospitality;Mining,7,8,2,1,3,5,10
29,Mentor,194,59,157,71,0,4,143,116,175,82,138,106,47,70,92,Construction;Pharmaceuticals;Hospitality;Transportation and Logistics;Real Estate,3,7,8,6,1,5,2
30,Mentor,161,138,78,53,5,180,26,131,136,195,100,54,82,127,114,Biotechnology;Hospitality;Mining;Real Estate,2,8,5,1,3,4,10
31,Mentor,97,2,108,139,3,80,174,45,46,188,196,150,56,24,53,Manufacturing,7,5,10,4,2,1,9
32,Mentor,6,24,63,66,0,110,13,37,195,180,11,169,148,39,144,Hospitality;Information Technology;Biotechnology,4,6,8,1,7,9,5
33,Mentor,16,49,99,6,198,23,134,177,199,108,30,51,118,193,106,Construction;Agriculture,9,8,3,7,6,1,2
34,Mentor,174,61,94,141,88,159,182,121,196,0,96,186,6,34,5,Manufacturing;Pharmaceuticals;Information Technology;Consumer Goods;Energy,6,10,7,8,9,4,5
35,Mentor,166,9,41,57,66,157,56,10,77,75,170,97,101,78,177,Automotive;Consumer Goods;Information Technology;Manufacturing,1,4,8,2,6,5,3
36,Mentor,162,23,56,154,106,77,17,137,105,40,43,74,41,139,157,Consumer Goods,8,5,7,2,1,10,3
37,Mentor,110,192,177,102,22,144,148,8,46,175,13,100,33,0,180,Hospitality,5,2,1,6,7,3,9
38,Mentor,21,156,36,120,100,81,88,58,110,9,101,135,18,84,37,Agriculture;Automotive;Telecommunications,9,3,7,6,5,8,4
39,Mentor,7,72,106,3,20,75,169,84,74,137,173,71,25,147,167,Automotive;Telecommunications;Consumer Goods,9,2,3,4,8,1,7
40,Mentor,51,171,174,116,85,199,80,148,24,166,190,110,194,101,37,Automotive;Agriculture;Biotechnology;Telecommunications,9,1,4,5,3,10,6
41,Mentor,139,74,22,11,151,112,181,89,174,26,104,194,83,10,46,Consumer Goods;Pharmaceuticals;Manufacturing,6,7,8,4,10,2,1
42,Mentor,79,139,181,72,100,130,109,2,94,190,54,117,167,19,107,Hospitality;Telecommunications;Biotechnology;Energy,1,7,9,5,8,6,3
43,Mentor,65,142,183,80,169,59,185,5,167,174,63,179,113,120,93,Hospitality;Information Technology;Telecommunications,10,6,5,3,4,2,8
44,Mentor,75,152,0,31,91,140,26,80,15,90,184,97,131,126,87,Transportation and Logistics;Mining;Hospitality;Automotive;Manufacturing,4,5,9,6,10,1,2
45,Mentor,76,33,23,151,71,123,110,16,7,70,69,17,15,78,53,Automotive;Agriculture,1,3,4,8,9,2,5
46,Mentor,21,63,159,91,126,195,89,170,70,38,34,146,139,49,167,Manufacturing;Information Technology;Transportation and Logistics,5,10,8,7,9,6,4
47,Mentor,174,6,92,72,31,58,145,126,18,118,69,32,116,3,181,Telecommunications,3,10,4,5,8,6,2
48,Mentor,169,55,148,87,150,135,26,59,101,147,4,36,63,57,146,Automotive;Consumer Goods;Pharmaceuticals;Transportation and Logistics,7,5,8,10,6,9,3
49,Mentor,188,69,17,173,8,120,36,154,192,54,47,2,100,170,4,Hospitality;Consumer Goods;Real Estate;Transportation and Logistics;Telecommunications,3,4,5,7,10,9,1
50,Mentor,75,3,182,17,15,169,62,38,109,66,64,166,78,22,180,Information Technology;Real Estate;Pharmaceuticals,10,7,1,8,5,3,4
51,Mentor,43,143,119,104,99,0,64,170,77,199,2,121,22,165,11,Manufacturing;Real Estate;Hospitality;Pharmaceuticals,6,3,10,5,1,4,8
52,Mentor,153,152,99,180,46,91,106,198,56,55,138,11,84,176,10,Construction;Mining,5,6,2,4,7,10,1
53,Mentor,177,92,59,24,73,137,72,187,14,102,193,99,89,54,94,Energy;Real Estate,5,2,7,10,3,1,9
54,Mentor,168,64,45,189,177,86,69,110,163,41,23,19,129,85,135,Information Technology;Biotechnology;Automotive,10,8,4,2,1,5,6
55,Mentor,57,114,53,148,91,110,71,79,122,184,174,9,146,64,13,Hospitality;Manufacturing;Automotive,10,2,5,4,6,1,9
56,Mentor,20,193,77,41,54,128,32,149,4,48,14,82,177,138,59,Pharmaceuticals;Hospitality;Transportation and Logistics,4,2,8,3,10,7,5
57,Mentor,87,152,154,64,137,46,124,11,191,24,90,57,122,100,27,Hospitality;Mining,2,9,6,8,7,3,10
58,Mentor,192,58,147,127,177,65,78,50,20,59,64,126,42,139,94,Energy;Telecommunications;Hospitality,1,9,8,6,7,2,3
59,Mentor,3,151,120,76,180,89,87,34,60,114,8,70,5,58,0,Hospitality;Agriculture;Information Technology,8,10,5,3,9,2,6
60,Mentor,78,35,15,10,151,166,130,61,131,120,138,31,197,128,32,Transportation and Logistics;Pharmaceuticals;Consumer Goods,10,6,4,7,9,3,5
61,Mentor,21,34,15,17,69,93,3,101,32,182,178,191,122,1,41,Manufacturing;Telecommunications;Mining,6,8,3,10,7,4,1
62,Mentor,131,26,107,23,134,7,177,118,30,81,193,68,60,84,115,Telecommunications;Transportation and Logistics;Construction,6,10,8,4,5,7,2
63,Mentor,193,59,188,91,152,191,176,131,56,72,15,36,4,46,180,Mining,8,3,4,5,2,6,7
64,Mentor,73,137,167,161,26,103,160,56,14,88,48,92,114,168,49,Transportation and Logistics;Information Technology;Real Estate,8,1,9,6,5,2,4
65,Mentor,181,122,25,0,195,45,11,199,39,186,142,59,6,7,27,Consumer Goods;Biotechnology;Energy;Mining;Hospitality,5,6,2,8,1,9,3
66,Mentor,93,80,132,47,25,83,57,66,143,126,153,135,41,51,105,Biotechnology;Hospitality;Consumer Goods;Agriculture;Manufacturing,10,5,7,8,6,1,3
67,Mentor,14,109,138,46,177,151,59,171,52,38,162,153,174,36,31,Consumer Goods;Transportation and Logistics;Telecommunications,1,8,6,4,10,3,9
68,Mentor,163,177,95,32,159,27,198,139,78,120,98,30,23,183,188,Energy;Agriculture;Automotive;Construction;Information Technology,3,7,8,9,5,4,10
69,Mentor,196,81,177,65,193,150,0,145,180,121,79,74,20,47,185,Hospitality;Telecommunications;Automotive;Construction,2,10,9,7,6,4,5
70,Mentor,46,199,43,74,154,122,86,52,18,158,176,83,187,17,132,Consumer Goods;Energy,6,9,7,10,5,8,1
71,Mentor,109,162,56,9,41,131,68,146,55,89,138,38,4,34,166,Pharmaceuticals;Information Technology;Manufacturing,9,8,1,4,7,5,2
72,Mentor,85,41,54,11,102,45,106,7,161,78,173,146,180,150,95,Pharmaceuticals;Agriculture;Transportation and Logistics;Telecommunications,4,7,10,3,1,6,9
73,Mentor,24,97,71,173,169,195,9,110,39,23,81,185,148,35,78,Automotive,9,2,6,10,5,8,1
74,Mentor,64,53,0,142,80,66,192,184,186,120,177,90,144,58,17,Hospitality,6,7,4,9,5,8,1
75,Mentor,65,76,3,57,121,80,118,6,100,58,116,1,2,113,180,Telecommunications,2,1,7,4,8,10,3
76,Mentor,56,90,1,71,158,81,171,36,46,182,91,2,27,110,173,Automotive;Energy;Consumer Goods;Mining;Telecommunications,2,6,10,4,7,9,8
77,Mentor,5,93,117,38,138,7,71,53,62,176,16,59,24,143,99,Hospitality;Real Estate;Mining;Manufacturing;Telecommunications,1,4,6,8,5,10,3
78,Mentor,93,2,32,0,169,64,174,4,106,95,98,5,88,103,71,Manufacturing;Hospitality;Automotive;Construction;Pharmaceuticals,8,3,7,1,6,2,4
79,Mentor,96,85,138,57,33,120,6,187,121,58,81,173,99,102,101,Telecommunications;Real Estate;Automotive;Manufacturing;Hospitality,10,2,8,7,9,1,3
80,Mentor,112,6,150,167,24,131,27,38,182,154,67,60,155,184,172,Pharmaceuticals;Agriculture;Real Estate,8,1,5,4,7,2,10
81,Mentor,107,26,150,48,14,95,5,196,82,151,157,13,21,88,54,Transportation and Logistics,10,5,3,2,9,4,1
82,Mentor,171,20,124,61,136,32,3,193,194,4,157,126,7,80,195,Biotechnology;Manufacturing,9,1,6,2,4,5,10
83,Mentor,56,179,3,17,195,32,39,170,86,83,166,137,188,63,36,Information Technology,5,10,1,4,6,8,7
84,Mentor,139,121,62,106,66,188,76,54,5,103,109,13,56,142,25,Consumer Goods;Real Estate;Hospitality,8,4,9,2,10,6,7
85,Mentor,38,57,130,150,119,77,53,151,171,106,44,45,182,109,66,Pharmaceuticals,1,3,10,4,9,2,5
86,Mentor,84,54,110,197,95,120,66,161,174,64,41,75,20,126,150,Manufacturing;Pharmaceuticals;Construction;Automotive;Real Estate,2,9,6,8,7,4,10
87,Mentor,104,43,97,163,59,199,38,45,185,16,186,88,106,84,98,Automotive;Manufacturing;Information Technology;Construction;Energy,7,4,3,1,2,5,10
88,Mentor,118,196,133,156,161,92,120,76,33,166,195,138,153,28,23,Construction;Agriculture;Real Estate,10,6,3,2,4,8,9
89,Mentor,111,66,193,195,197,69,20,157,79,45,88,53,77,75,137,Information Technology;Pharmaceuticals;Biotechnology,2,3,10,4,7,1,8
90,Mentor,137,80,157,31,2,171,27,65,196,172,7,193,33,64,159,Pharmaceuticals;Energy;Telecommunications;Consumer Goods;Mining,9,8,2,5,4,10,6
91,Mentor,3,146,170,32,40,93,53,43,39,17,185,10,167,186,56,Information Technology,1,8,4,6,7,5,9
92,Mentor,194,90,37,22,102,72,96,153,100,177,3,35,126,188,114,Manufacturing;Consumer Goods;Hospitality,8,10,5,2,3,9,6
93,Mentor,54,180,81,59,115,153,114,124,109,160,77,191,33,151,182,Mining;Construction;Transportation and Logistics,8,3,2,9,1,7,5
94,Mentor,23,180,6,107,169,126,28,197,11,20,59,140,120,182,110,Pharmaceuticals;Agriculture;Consumer Goods;Transportation and Logistics,8,9,1,2,3,10,6
95,Mentor,196,26,54,157,10,121,57,88,61,169,20,66,82,149,107,Consumer Goods;Transportation and Logistics,7,5,10,4,2,9,1
96,Mentor,109,122,176,129,110,79,39,105,32,4,19,20,63,96,41,Consumer Goods;Information Technology;Biotechnology;Manufacturing,3,10,2,9,1,6,8
97,Mentor,49,19,72,24,143,5,166,55,89,99,188,106,54,12,137,Real Estate,10,9,7,4,8,3,2
98,Mentor,62,79,58,175,166,100,85,24,6,142,54,102,21,82,172,Hospitality;Telecommunications;Real Estate,9,7,3,6,2,4,5
99,Mentor,69,199,18,109,20,151,89,42,94,10,78,14,187,139,90,Energy,5,2,1,6,4,9,10
100,Mentor,120,40,28,75,90,108,76,88,116,34,19,13,170,156,89,Consumer Goods;Pharmaceuticals;Manufacturing;Real Estate,5,9,8,2,10,3,7
101,Mentor,120,192,7,132,107,166,153,21,95,93,0,46,66,146,31,Transportation and Logistics;Hospitality;Consumer Goods;Automotive,10,9,4,7,3,2,5
102,Mentor,148,122,107,19,126,99,162,175,25,142,143,55,63,102,132,Consumer Goods;Hospitality;Real Estate,8,10,6,7,4,1,2
103,Mentor,100,177,53,80,184,87,114,192,110,120,193,47,154,79,127,Hospitality,2,5,1,7,8,4,6
104,Mentor,23,110,30,172,197,107,4,199,121,155,53,115,109,97,133,Construction;Hospitality;Automotive;Energy;Pharmaceuticals,9,1,5,7,3,8,2
105,Mentor,22,45,36,53,122,171,3,126,80,24,61,88,159,91,56,Manufacturing,10,6,3,7,9,1,4
106,Mentor,158,131,1,173,84,4,77,146,199,86,61,53,18,195,16,Information Technology;Telecommunications;Energy;Real Estate;Mining,8,4,7,10,1,2,9
107,Mentor,170,110,27,71,61,16,26,130,2,6,55,114,157,193,33,Pharmaceuticals;Biotechnology;Energy;Agriculture,9,3,1,6,5,7,2
108,Mentor,130,56,19,154,151,124,36,135,111,129,186,3,163,187,136,Information Technology;Biotechnology,9,7,10,3,4,5,6
109,Mentor,184,86,149,71,117,168,167,63,122,32,76,138,83,87,69,Information Technology;Transportation and Logistics;Agriculture;Consumer Goods,7,9,5,10,6,1,2
110,Mentor,91,4,11,72,141,54,125,98,2,42,108,102,199,17,134,Mining;Construction;Telecommunications;Agriculture;Energy,5,1,8,2,4,10,6
111,Mentor,122,83,74,151,121,199,32,50,106,70,157,145,140,86,40,Transportation and Logistics;Consumer Goods;Energy,7,3,1,4,8,2,5
112,Mentor,79,0,153,66,90,55,57,80,49,70,184,85,47,71,150,Construction;Hospitality,3,10,5,4,8,9,1
113,Mentor,49,162,88,126,63,168,24,70,187,39,13,99,89,150,110,Energy;Real Estate;Construction;Automotive,7,3,10,2,8,4,5
114,Mentor,26,10,101,66,197,24,185,6,162,69,157,88,0,86,194,Automotive;Energy;Pharmaceuticals,2,4,8,5,9,10,6
115,Mentor,161,170,27,194,67,7,127,17,61,69,199,16,53,102,34,Agriculture,10,9,2,5,4,3,1
116,Mentor,170,172,195,39,43,56,130,59,5,85,185,182,40,3,17,Information Technology,9,4,3,5,6,8,10
117,Mentor,126,132,23,156,57,35,88,112,68,39,180,173,114,37,16,Automotive;Agriculture;Pharmaceuticals;Transportation and Logistics,8,2,9,6,4,3,1
118,Mentor,11,22,94,46,18,147,37,166,127,190,184,40,5,112,151,Biotechnology;Real Estate;Hospitality;Energy;Automotive,1,6,5,2,10,3,8
119,Mentor,10,97,57,27,20,68,182,162,36,80,88,67,4,6,24,Mining;Biotechnology;Manufacturing;Consumer Goods;Pharmaceuticals,3,10,6,9,1,4,7
120,Mentor,172,71,170,150,57,193,189,31,20,117,157,114,49,149,83,Transportation and Logistics;Biotechnology,2,1,5,8,3,4,6
121,Mentor,52,146,66,70,163,186,117,157,114,101,149,82,17,14,96,Consumer Goods;Information Technology;Transportation and Logistics;Real Estate,5,2,7,10,9,1,8
122,Mentor,93,45,97,22,140,174,122,16,38,126,194,88,157,34,91,Manufacturing,9,1,5,8,6,10,3
123,Mentor,137,36,95,157,69,85,43,169,138,80,17,60,185,101,196,Energy;Agriculture;Manufacturing;Automotive;Consumer Goods,1,10,7,5,9,4,8
124,Mentor,70,153,30,23,69,106,187,5,176,115,60,161,71,94,125,Energy;Construction,8,7,1,2,3,5,4
125,Mentor,99,184,171,122,153,10,199,55,145,191,69,68,138,41,46,Construction;Energy;Mining;Manufacturing,7,3,5,9,6,8,10
126,Mentor,54,151,13,57,49,82,160,149,177,21,168,95,14,88,170,Transportation and Logistics,3,10,9,1,8,6,7
127,Mentor,178,181,1,23,167,57,76,131,174,72,80,110,100,101,147,Telecommunications,1,4,8,10,9,7,2
128,Mentor,139,150,108,56,9,91,24,72,104,85,170,61,3,93,159,Manufacturing,6,5,1,8,10,3,9
129,Mentor,177,95,35,9,185,169,41,148,106,157,123,33,78,39,173,Automotive,1,5,8,4,10,7,2
130,Mentor,61,7,83,10,53,93,167,128,162,102,60,199,129,149,48,Information Technology;Agriculture;Transportation and Logistics;Biotechnology,2,1,4,6,9,8,7
131,Mentor,23,26,48,70,57,49,164,76,87,54,35,1,73,86,119,Real Estate;Pharmaceuticals;Telecommunications;Agriculture;Transportation and Logistics,5,8,1,7,9,6,10
132,Mentor,168,166,13,132,85,153,72,88,15,80,106,115,122,74,157,Construction;Automotive;Information Technology;Manufacturing;Telecommunications,9,1,7,3,10,6,4
133,Mentor,108,2,170,80,29,72,124,100,196,21,15,131,104,96,181,Telecommunications;Manufacturing;Biotechnology,4,8,6,3,7,9,10
134,Mentor,23,97,33,84,185,88,157,95,71,48,75,7,110,39,166,Automotive,7,4,1,6,10,2,8
135,Mentor,27,80,6,76,131,31,184,60,151,84,57,28,15,170,194,Agriculture;Telecommunications,1,8,3,5,4,10,7
136,Mentor,128,184,132,166,75,34,23,114,13,167,159,76,170,81,156,Automotive;Consumer Goods;Agriculture;Transportation and Logistics,7,3,2,1,5,4,6
137,Mentor,24,167,162,182,36,13,35,5,53,170,86,138,38,137,195,Real Estate;Information Technology,4,6,3,5,2,9,8
138,Mentor,145,22,35,26,21,82,157,104,114,188,88,31,140,117,93,Real Estate;Mining;Transportation and Logistics;Manufacturing,7,3,10,5,2,6,8
139,Mentor,158,145,154,96,137,67,147,57,44,76,180,143,166,22,78,Pharmaceuticals;Consumer Goods;Biotechnology;Energy,7,6,5,1,9,10,2
140,Mentor,130,57,24,172,180,26,131,194,6,177,81,3,85,9,169,Manufacturing;Pharmaceuticals;Automotive,6,1,5,3,4,9,8
141,Mentor,54,161,193,13,61,172,86,191,71,11,170,164,165,187,137,Real Estate;Pharmaceuticals;Energy,6,9,10,7,2,1,3
142,Mentor,185,168,71,33,159,157,148,150,48,84,177,14,31,40,70,Automotive;Transportation and Logistics,3,6,9,5,1,8,4
143,Mentor,139,108,48,72,97,19,90,103,95,195,5,49,169,6,9,Real Estate;Construction;Automotive,2,4,9,10,3,8,1
144,Mentor,32,187,188,94,165,9,35,171,109,48,128,160,120,82,173,Automotive;Energy;Transportation and Logistics;Real Estate,9,2,7,10,4,6,1
145,Mentor,121,26,156,181,35,126,33,102,78,120,187,84,43,139,88,Real Estate;Automotive;Pharmaceuticals;Biotechnology,4,7,10,2,1,8,9
146,Mentor,167,16,112,187,157,114,55,170,53,190,2,3,135,127,138,Agriculture;Biotechnology;Pharmaceuticals;Real Estate,10,1,5,2,4,7,6
147,Mentor,77,145,195,108,88,32,64,92,177,26,97,18,147,185,33,Manufacturing;Automotive;Mining;Energy;Biotechnology,9,4,6,7,5,3,1
148,Mentor,57,159,92,6,84,72,7,100,101,145,33,41,131,126,76,Telecommunications,9,8,6,4,2,7,3
149,Mentor,48,8,152,124,148,177,106,15,59,81,184,66,95,36,173,Hospitality;Manufacturing;Mining;Automotive,10,6,1,9,3,4,8
150,Mentor,110,15,174,106,135,111,182,77,190,136,45,187,44,151,23,Telecommunications;Biotechnology;Pharmaceuticals,10,9,4,6,3,2,7
151,Mentor,195,57,43,184,145,36,13,73,128,101,11,64,135,37,95,Biotechnology;Real Estate;Transportation and Logistics,7,8,6,10,2,1,5
152,Mentor,131,150,140,94,193,195,111,194,169,13,84,79,16,36,189,Mining;Biotechnology;Manufacturing,8,3,2,7,5,9,4
153,Mentor,160,102,73,156,90,95,5,168,57,107,31,43,55,117,70,Real Estate;Transportation and Logistics,1,2,4,7,3,8,5
154,Mentor,69,177,124,112,7,20,41,78,54,184,173,123,88,92,34,Biotechnology;Consumer Goods;Energy;Automotive,1,5,6,3,9,4,8
155,Mentor,195,32,28,81,171,188,166,98,193,51,76,2,194,198,49,Agriculture;Construction;Information Technology,9,5,4,1,2,10,6
156,Mentor,105,44,11,57,40,182,155,145,37,6,22,73,112,53,76,Real Estate;Consumer Goods;Pharmaceuticals,6,2,1,4,5,10,7
157,Mentor,41,119,116,156,114,120,89,109,55,82,15,10,60,134,5,Pharmaceuticals;Real Estate;Construction,5,10,7,6,4,8,3
158,Mentor,129,5,11,57,86,89,184,150,187,196,117,10,151,192,91,Information Technology;Transportation and Logistics;Hospitality;Mining,6,2,3,1,8,7,9
159,Mentor,32,181,117,21,76,59,72,31,11,122,191,196,23,193,65,Telecommunications;Mining,4,7,5,2,6,10,1
160,Mentor,27,105,54,184,21,139,195,45,14,77,149,3,79,167,170,Transportation and Logistics;Biotechnology;Consumer Goods;Agriculture,6,2,8,7,5,4,10
161,Mentor,147,0,89,74,184,41,40,135,166,195,188,196,69,26,56,Consumer Goods;Information Technology;Mining,8,2,6,7,1,5,9
162,Mentor,99,71,186,23,150,2,146,103,96,91,165,35,70,132,41,Real Estate;Agriculture;Automotive;Hospitality;Manufacturing,7,6,3,2,1,10,5
163,Mentor,46,167,40,25,162,139,146,105,61,153,77,106,23,75,122,Consumer Goods,7,10,8,2,5,9,3
164,Mentor,172,90,139,6,67,27,61,9,145,127,157,140,45,88,46,Mining;Agriculture;Automotive;Pharmaceuticals;Real Estate,4,6,3,1,8,5,7
165,Mentor,177,193,79,156,110,184,181,166,78,95,34,71,124,10,187,Biotechnology;Automotive,7,5,9,3,6,8,1
166,Mentor,168,17,154,179,170,122,81,146,33,130,103,26,77,76,141,Transportation and Logistics;Energy;Construction;Information Technology;Consumer Goods,3,10,4,7,6,2,5
167,Mentor,54,155,49,4,92,138,19,82,166,72,182,12,28,99,116,Real Estate,10,2,4,1,9,7,8
168,Mentor,85,114,47,36,45,174,90,20,145,78,142,175,177,97,100,Energy;Manufacturing;Hospitality,6,4,3,7,9,5,10
169,Mentor,35,20,182,82,15,49,171,54,78,181,169,154,138,109,31,Pharmaceuticals;Transportation and Logistics,5,1,6,7,4,10,2
170,Mentor,48,106,138,83,181,37,58,15,146,59,56,150,112,50,114,Energy;Pharmaceuticals;Telecommunications;Consumer Goods,3,5,8,6,2,1,9
171,Mentor,97,189,172,140,136,17,11,71,194,67,170,91,96,2,61,Biotechnology;Transportation and Logistics;Consumer Goods;Mining;Agriculture,6,10,1,2,8,5,4
172,Mentor,157,104,199,171,111,42,136,154,93,0,76,32,37,169,114,Agriculture;Biotechnology;Energy;Manufacturing,2,1,9,7,4,3,10
173,Mentor,63,151,135,140,147,71,164,96,66,197,53,35,41,154,145,Pharmaceuticals;Consumer Goods,2,4,1,6,7,5,10
174,Mentor,19,61,69,27,196,15,0,165,41,176,152,180,191,4,91,Mining,8,3,4,6,10,2,1
175,Mentor,85,156,79,130,182,56,195,129,6,22,163,190,169,4,32,Information Technology;Biotechnology,10,2,4,9,8,6,1
176,Mentor,37,22,146,169,69,135,106,176,127,165,142,16,123,180,80,Agriculture;Consumer Goods;Hospitality;Automotive,5,4,3,6,7,1,2
177,Mentor,113,151,162,199,86,102,27,70,17,7,15,156,61,67,135,Agriculture,9,4,2,10,1,7,3
178,Mentor,146,149,74,35,82,95,52,173,5,167,3,168,38,170,13,Transportation and Logistics;Information Technology;Consumer Goods;Automotive,10,2,8,6,5,1,9
179,Mentor,32,193,146,170,63,157,83,11,72,36,183,189,130,162,45,Biotechnology;Information Technology,4,8,3,9,6,5,10
180,Mentor,176,121,52,140,169,10,116,83,35,181,40,150,20,110,131,Manufacturing;Automotive;Telecommunications;Consumer Goods,4,1,7,2,5,9,3
181,Mentor,53,26,106,166,150,138,121,140,57,154,194,112,22,68,120,Pharmaceuticals,6,5,4,1,9,10,3
182,Mentor,108,176,78,1,70,168,2,81,6,118,22,129,126,5,182,Information Technology;Telecommunications;Construction,2,5,3,7,9,4,10
183,Mentor,140,59,64,33,20,157,107,6,170,167,161,156,11,106,198,Construction;Transportation and Logistics;Biotechnology,2,6,4,10,7,8,5
184,Mentor,5,48,187,49,70,95,184,19,157,196,124,54,167,21,168,Mining;Transportation and Logistics,4,1,5,2,3,7,9
185,Mentor,118,21,131,75,149,196,154,105,23,67,65,49,29,78,80,Telecommunications;Manufacturing;Transportation and Logistics;Consumer Goods;Pharmaceuticals,1,9,4,2,6,3,5
186,Mentor,46,106,25,154,67,66,84,143,61,153,23,171,63,83,56,Consumer Goods,10,9,3,6,7,5,8
187,Mentor,191,123,48,85,121,80,195,182,167,194,112,185,117,66,106,Automotive;Manufacturing;Telecommunications;Biotechnology;Pharmaceuticals,4,8,6,10,9,3,2
188,Mentor,109,46,24,4,140,17,139,89,102,63,172,57,79,20,114,Biotechnology;Consumer Goods;Real Estate,2,9,1,8,10,5,7
189,Mentor,177,96,185,122,63,56,121,148,37,173,39,123,77,105,84,Consumer Goods;Automotive,5,1,3,2,10,6,4
190,Mentor,72,122,188,171,13,24,91,9,36,170,174,45,157,126,88,Manufacturing,10,2,9,8,7,5,3
191,Mentor,53,27,145,16,24,95,184,49,138,79,90,21,82,175,40,Agriculture;Transportation and Logistics;Hospitality;Mining;Real Estate,8,6,7,2,4,5,1
192,Mentor,85,73,110,186,89,103,92,155,63,19,175,79,16,71,8,Real Estate;Hospitality,1,3,7,10,2,8,4
193,Mentor,127,188,56,117,175,186,169,26,87,172,57,170,34,0,54,Manufacturing;Transportation and Logistics;Hospitality,2,6,8,1,7,5,9
194,Mentor,11,101,89,36,62,41,13,28,35,63,135,99,106,131,165,Mining;Energy;Real Estate,3,6,10,8,2,9,5
195,Mentor,148,17,121,10,102,195,164,108,38,11,5,139,173,46,9,Energy;Hospitality;Pharmaceuticals;Construction;Automotive,2,7,10,1,4,8,3
196,Mentor,151,187,98,53,22,18,42,139,16,80,127,168,141,111,199,Pharmaceuticals;Hospitality;Energy;Agriculture;Biotechnology,9,10,6,7,5,1,2
197,Mentor,184,19,76,64,170,27,88,110,51,20,55,120,156,160,126,Transportation and Logistics;Agriculture;Real Estate,10,7,8,6,1,2,9
198,Mentor,94,6,171,85,151,9,87,70,26,24,57,10,38,37,154,Energy;Automotive;Consumer Goods;Transportation and Logistics,5,3,7,10,8,6,2
199,Mentor,0,6,19,114,71,130,14,122,97,47,169,4,91,62,160,Real Estate;Biotechnology;Manufacturing;Transportation and Logistics;Hospitality,4,1,5,8,6,7,10
0,Mentee,37,42,166,30,79,195,61,170,102,65,59,22,53,19,87,Energy;Mining;Hospitality,4,6,10,8,1,3,5
1,Mentee,72,17,47,38,133,75,159,135,40,76,61,106,77,67,127,Telecommunications,5,9,1,10,3,4,2
2,Mentee,76,79,127,90,51,132,62,34,78,106,35,72,77,193,47,Agriculture;Telecommunications;Manufacturing,1,4,10,5,7,3,8
3,Mentee,105,167,75,148,47,198,108,34,147,59,51,160,97,151,136,Manufacturing;Telecommunications;Information Technology;Transportation and Logistics;Real Estate,10,5,9,1,2,8,3
4,Mentee,104,174,139,153,90,56,183,137,185,28,100,156,77,13,8,Biotechnology;Real Estate;Pharmaceuticals;Mining,1,5,10,2,7,9,6
5,Mentee,153,62,92,149,89,6,179,142,117,161,49,124,18,104,188,Information Technology;Transportation and Logistics;Hospitality;Construction;Real Estate,3,7,8,2,4,10,6
6,Mentee,75,5,99,146,51,131,53,112,66,188,88,14,124,26,185,Biotechnology;Construction;Energy;Telecommunications;Pharmaceuticals,5,1,8,6,2,4,9
7,Mentee,13,198,62,69,32,39,66,151,54,43,160,12,80,77,98,Biotechnology;Agriculture;Automotive;Telecommunications,5,4,9,1,2,7,8
8,Mentee,193,6,28,59,104,29,43,102,74,42,196,199,77,191,149,Hospitality,2,4,8,9,3,5,7
9,Mentee,149,138,113,145,142,41,164,199,87,105,100,39,178,193,9,Manufacturing;Automotive,5,2,6,9,7,3,10
10,Mentee,111,46,161,108,66,64,14,171,58,41,143,68,109,170,195,Biotechnology;Energy;Construction;Consumer Goods;Information Technology,3,8,9,4,2,10,6
11,Mentee,173,100,104,82,25,185,191,157,187,94,72,171,196,11,15,Biotechnology;Pharmaceuticals;Mining,10,7,8,2,4,6,5
12,Mentee,88,22,9,144,97,113,192,118,197,199,137,188,151,64,156,Real Estate,7,6,5,10,3,4,9
13,Mentee,5,136,196,35,188,80,92,1,49,156,164,9,138,55,51,Manufacturing;Hospitality;Real Estate;Transportation and Logistics,6,10,7,1,8,5,2
14,Mentee,101,197,1,49,154,65,125,62,199,194,53,151,95,130,109,Energy;Transportation and Logistics,9,5,3,8,6,7,10
15,Mentee,130,160,56,106,52,85,141,77,173,123,150,86,57,132,44,Information Technology;Pharmaceuticals;Telecommunications;Agriculture;Mining,10,8,9,2,4,5,1
16,Mentee,105,100,79,65,117,177,61,28,172,33,86,14,75,136,39,Manufacturing;Agriculture;Hospitality;Telecommunications,1,5,9,4,7,2,8
17,Mentee,131,47,192,149,43,28,95,182,40,7,70,23,108,25,112,Telecommunications;Consumer Goods;Agriculture;Hospitality;Information Technology,5,2,10,4,1,8,3
18,Mentee,135,90,194,62,110,196,131,107,195,139,79,61,132,77,154,Energy;Telecommunications,6,10,7,8,4,5,1
19,Mentee,174,66,152,197,125,17,108,183,147,84,29,118,130,143,90,Biotechnology;Mining;Real Estate,6,10,9,8,4,3,5
20,Mentee,115,89,124,169,123,20,67,12,99,90,165,80,66,62,94,Transportation and Logistics;Agriculture;Energy;Biotechnology;Automotive,6,10,8,7,4,3,2
21,Mentee,38,184,76,42,127,106,185,20,77,3,111,166,69,110,193,Transportation and Logistics;Telecommunications,4,10,8,9,2,1,5
22,Mentee,21,16,137,59,196,181,94,44,161,140,56,28,128,131,48,Biotechnology;Information Technology;Manufacturing;Pharmaceuticals;Hospitality,2,1,7,10,6,4,5
23,Mentee,60,195,170,34,112,25,65,67,95,7,180,40,104,10,113,Construction;Consumer Goods;Automotive;Telecommunications,6,4,8,1,5,2,7
24,Mentee,32,66,49,23,164,157,121,193,128,140,80,5,133,77,112,Hospitality;Real Estate;Manufacturing;Automotive,6,4,1,8,3,5,7
25,Mentee,156,180,176,60,123,49,121,92,70,101,160,178,90,109,39,Consumer Goods,5,3,1,7,6,4,2
26,Mentee,41,14,126,22,159,178,106,19,191,95,100,194,187,197,49,Transportation and Logistics;Mining;Pharmaceuticals,2,4,3,6,7,1,9
27,Mentee,164,155,131,174,197,160,177,33,61,63,68,20,38,146,77,Mining;Agriculture,4,8,3,5,10,2,7
28,Mentee,144,131,51,196,97,115,84,118,191,135,30,157,146,138,143,Real Estate;Agriculture,1,5,3,2,9,4,8
29,Mentee,76,148,77,72,79,133,110,49,69,43,5,98,47,131,127,Telecommunications,2,6,4,3,8,10,1
30,Mentee,18,124,78,155,87,93,104,29,62,69,26,20,195,19,86,Construction,3,10,2,5,1,7,9
31,Mentee,120,183,185,69,20,56,22,18,121,60,159,46,153,198,151,Telecommunications;Transportation and Logistics,4,2,10,5,9,6,3
32,Mentee,70,17,180,82,49,198,139,119,100,29,65,0,128,48,80,Energy;Manufacturing;Information Technology;Pharmaceuticals;Telecommunications,6,9,5,10,1,2,4
33,Mentee,2,4,164,110,187,189,155,37,191,90,84,76,148,30,192,Automotive;Construction;Telecommunications;Agriculture;Hospitality,5,4,10,3,7,1,2
34,Mentee,8,55,6,199,66,86,59,32,51,128,13,89,118,130,193,Agriculture;Biotechnology;Manufacturing,1,7,3,6,5,10,9
35,Mentee,51,50,88,84,168,27,37,123,165,55,56,22,29,112,187,Real Estate;Energy;Pharmaceuticals;Hospitality;Automotive,8,7,9,6,1,10,3
36,Mentee,149,40,34,134,54,193,72,62,140,35,86,20,151,64,82,Mining;Automotive;Transportation and Logistics;Manufacturing;Information Technology,2,1,3,8,10,7,9
37,Mentee,176,96,13,120,90,66,185,123,199,5,145,107,84,36,144,Consumer Goods;Automotive;Biotechnology,9,1,8,7,10,5,4
38,Mentee,101,31,111,24,155,199,92,96,168,48,17,176,157,89,188,Pharmaceuticals;Information Technology;Consumer Goods;Manufacturing,3,4,9,6,5,2,8
39,Mentee,147,77,103,21,7,9,192,175,92,176,78,121,4,182,59,Hospitality;Information Technology;Automotive,10,2,3,4,9,5,7
40,Mentee,3,76,144,58,196,102,84,48,17,163,1,71,26,131,62,Information Technology;Transportation and Logistics;Consumer Goods;Energy,8,2,4,10,6,3,5
41,Mentee,41,181,145,19,20,160,70,50,156,106,194,138,10,117,159,Consumer Goods;Pharmaceuticals;Mining;Automotive;Telecommunications,1,3,4,2,10,8,5
42,Mentee,110,87,154,170,0,34,76,141,168,10,144,196,65,125,124,Energy,3,4,7,1,9,2,5
43,Mentee,178,41,137,132,53,95,182,108,68,29,162,77,19,66,84,Information Technology;Consumer Goods;Real Estate,7,3,1,6,10,8,5
44,Mentee,187,48,0,139,22,114,86,50,27,28,141,15,196,146,100,Pharmaceuticals,7,2,6,4,9,10,3
45,Mentee,42,6,188,13,131,165,160,80,180,138,120,132,16,34,149,Biotechnology;Manufacturing;Pharmaceuticals,4,7,2,1,3,9,8
46,Mentee,37,102,76,19,41,170,61,84,193,198,173,29,34,188,98,Mining;Hospitality;Consumer Goods;Manufacturing,6,5,1,2,8,4,3
47,Mentee,32,78,84,28,37,58,66,104,57,77,102,101,43,195,191,Hospitality,7,10,9,8,3,2,4
48,Mentee,46,193,4,12,85,101,117,6,189,166,22,164,27,90,100,Transportation and Logistics;Pharmaceuticals;Automotive,5,9,2,1,7,6,4
49,Mentee,80,3,188,121,98,48,88,87,19,77,26,79,28,52,155,Transportation and Logistics;Construction;Real Estate,2,6,10,4,1,5,7
50,Mentee,106,170,196,123,19,111,124,34,147,10,172,0,118,139,87,Energy,3,10,5,2,6,8,1
51,Mentee,24,68,130,146,171,191,177,33,88,155,72,8,94,17,164,Agriculture,3,5,1,8,2,4,9
52,Mentee,7,36,180,189,17,35,176,185,109,84,41,178,34,13,198,Consumer Goods,1,6,4,10,8,7,9
53,Mentee,98,185,13,14,131,112,12,0,140,20,125,92,104,139,162,Agriculture;Pharmaceuticals;Manufacturing;Information Technology;Hospitality,9,2,6,7,3,8,10
54,Mentee,58,115,5,141,168,145,14,157,121,6,118,76,198,154,192,Construction;Energy;Transportation and Logistics;Real Estate;Agriculture,7,3,5,4,9,8,1
55,Mentee,94,151,62,121,27,146,30,19,131,20,173,169,141,18,86,Real Estate;Pharmaceuticals;Construction,7,8,5,3,6,10,1
56,Mentee,172,125,175,43,193,149,78,5,31,161,86,83,25,179,137,Consumer Goods;Manufacturing;Mining;Information Technology,6,5,10,3,2,4,1
57,Mentee,80,131,158,153,132,171,130,3,44,193,146,61,94,162,120,Pharmaceuticals;Telecommunications;Consumer Goods;Transportation and Logistics;Hospitality,7,9,5,6,10,4,8
58,Mentee,176,131,65,187,61,56,148,30,58,38,32,106,110,90,118,Telecommunications;Hospitality,10,6,1,3,9,7,5
59,Mentee,170,174,6,87,35,13,195,116,151,184,44,121,101,111,113,Information Technology;Mining;Transportation and Logistics;Energy,3,8,6,2,9,4,10
60,Mentee,195,66,177,33,62,176,166,0,88,14,87,110,191,117,131,Agriculture;Construction,10,3,9,4,2,8,6
61,Mentee,164,53,174,146,173,158,195,17,124,38,20,187,136,61,121,Agriculture;Energy;Consumer Goods;Manufacturing;Mining,1,10,6,7,4,3,2
62,Mentee,100,29,84,19,118,151,80,141,5,97,143,194,9,121,24,Real Estate,5,3,1,9,6,2,8
63,Mentee,89,21,20,67,137,170,19,199,131,180,28,48,0,197,1,Information Technology;Real Estate;Consumer Goods,3,5,9,10,6,2,8
64,Mentee,37,164,64,175,54,29,165,156,137,80,0,58,70,104,19,Real Estate;Biotechnology;Hospitality;Energy,6,3,9,10,7,1,8
65,Mentee,67,182,39,135,38,98,69,133,131,148,90,17,43,110,18,Telecommunications,10,2,3,1,7,8,6
66,Mentee,7,77,164,37,193,69,9,78,49,94,58,18,76,27,154,Consumer Goods;Hospitality;Pharmaceuticals,7,3,4,9,10,6,5
67,Mentee,197,156,173,76,20,186,26,131,185,80,72,40,84,13,8,Consumer Goods;Agriculture,5,7,8,6,2,10,3
68,Mentee,34,12,41,124,119,196,104,157,181,146,69,140,14,169,80,Construction;Pharmaceuticals,3,1,9,8,7,5,6
69,Mentee,70,77,161,47,65,30,57,87,147,63,38,0,20,187,18,Biotechnology;Telecommunications;Agriculture;Energy;Mining,9,1,6,7,8,10,4
70,Mentee,33,12,60,3,158,28,19,59,81,111,38,121,182,144,146,Transportation and Logistics;Construction;Agriculture,1,10,8,3,6,5,4
71,Mentee,132,121,84,144,157,14,77,100,28,107,125,197,178,52,86,Biotechnology;Real Estate;Construction;Automotive;Consumer Goods,8,9,10,5,4,3,1
72,Mentee,39,185,0,146,51,41,40,187,35,152,25,183,62,108,139,Mining;Manufacturing;Biotechnology;Telecommunications;Real Estate,9,3,10,8,4,1,2
73,Mentee,29,97,157,137,162,51,5,121,106,24,79,19,191,113,199,Real Estate,6,5,2,1,7,8,4
74,Mentee,121,95,131,156,119,38,150,178,79,70,77,39,66,9,187,Telecommunications;Consumer Goods,1,9,10,3,5,4,7
75,Mentee,79,142,71,113,86,104,157,129,1,95,165,4,9,141,144,Pharmaceuticals;Automotive;Consumer Goods,3,10,5,1,4,9,6
76,Mentee,77,146,178,164,62,24,135,41,84,110,176,150,102,121,8,Agriculture;Consumer Goods;Telecommunications,2,6,4,8,7,1,5
77,Mentee,13,131,164,181,102,51,7,163,70,152,94,178,111,156,171,Mining;Pharmaceuticals;Consumer Goods,2,7,10,5,4,1,6
78,Mentee,6,18,84,136,169,162,95,79,50,172,146,165,185,12,188,Energy;Automotive;Transportation and Logistics;Real Estate;Telecommunications,6,5,2,1,3,8,7
79,Mentee,188,103,25,51,199,150,120,5,56,55,7,44,6,171,28,Hospitality;Biotechnology,7,10,5,1,2,8,3
80,Mentee,158,176,110,102,6,199,38,182,84,56,148,87,118,132,78,Hospitality;Telecommunications;Manufacturing,4,3,5,9,10,1,7
81,Mentee,183,52,48,125,162,149,114,144,117,76,55,195,9,178,18,Automotive;Construction,10,2,1,3,8,9,5
82,Mentee,94,51,183,181,34,20,0,84,17,153,15,104,173,98,150,Pharmaceuticals;Real Estate;Transportation and Logistics,8,1,9,6,5,4,3
83,Mentee,41,1,70,21,71,13,7,54,90,96,64,136,14,178,30,Information Technology;Biotechnology;Consumer Goods,5,6,10,4,7,2,8
84,Mentee,186,164,157,124,98,174,77,149,100,110,45,17,6,154,0,Telecommunications;Automotive;Mining;Consumer Goods;Construction,1,3,2,7,5,8,4
85,Mentee,37,48,172,192,139,64,13,23,193,35,111,160,191,100,190,Biotechnology;Information Technology;Transportation and Logistics;Hospitality;Manufacturing,3,2,6,7,4,8,9
86,Mentee,139,70,179,2,50,196,89,160,32,54,123,136,23,83,194,Agriculture;Information Technology;Energy,7,1,4,2,3,8,9
87,Mentee,103,136,56,23,111,6,95,185,67,20,198,92,77,78,42,Transportation and Logistics;Hospitality,4,2,7,9,6,8,3
88,Mentee,12,20,153,71,140,14,56,42,108,132,68,123,25,22,120,Transportation and Logistics;Automotive;Biotechnology;Manufacturing,7,4,10,2,8,9,6
89,Mentee,168,54,99,162,119,109,102,138,106,65,166,182,79,70,128,Real Estate;Energy;Information Technology;Manufacturing,6,7,8,9,10,2,1
90,Mentee,193,101,51,143,132,50,98,26,168,6,49,123,195,154,139,Hospitality;Energy;Real Estate;Construction,7,6,2,1,4,10,3
91,Mentee,187,171,61,20,185,140,30,13,90,132,86,55,152,87,31,Manufacturing;Mining,3,10,4,7,9,1,2
92,Mentee,165,54,189,9,48,134,187,87,50,104,44,182,154,178,43,Real Estate;Telecommunications;Automotive,10,7,2,5,8,6,9
93,Mentee,5,149,64,161,91,66,100,77,68,191,20,199,8,31,187,Transportation and Logistics;Manufacturing;Information Technology,1,2,5,3,10,9,6
94,Mentee,166,53,77,113,123,154,24,16,63,25,172,184,57,152,30,Energy;Mining,8,10,1,3,4,6,7
95,Mentee,40,118,120,18,140,129,151,68,93,123,62,195,69,160,87,Automotive;Transportation and Logistics,7,6,4,9,2,10,5
96,Mentee,186,7,17,95,35,173,84,140,66,163,180,122,121,46,133,Consumer Goods;Manufacturing,1,4,9,10,5,2,3
97,Mentee,140,107,123,143,54,28,52,79,66,165,69,90,193,18,14,Automotive;Energy;Mining;Manufacturing,2,6,5,1,10,7,8
98,Mentee,182,150,118,157,18,110,96,188,89,82,62,120,42,155,183,Biotechnology;Construction,2,8,3,7,4,6,1
99,Mentee,112,137,138,124,155,197,20,9,50,104,77,153,131,33,145,Real Estate;Construction,7,5,10,1,9,4,8
100,Mentee,131,112,17,42,29,106,101,67,182,104,196,193,185,59,74,Hospitality;Telecommunications,5,8,4,9,6,1,10
101,Mentee,79,94,192,85,111,167,181,88,195,143,36,119,90,135,188,Consumer Goods;Real Estate;Telecommunications;Pharmaceuticals,9,4,8,10,3,1,7
102,Mentee,57,19,66,131,53,145,103,151,97,88,2,50,0,149,74,Hospitality;Real Estate;Agriculture,8,1,3,10,5,4,6
103,Mentee,146,153,110,30,182,155,51,87,121,22,102,80,192,157,125,Construction;Real Estate,4,5,8,2,10,6,9
104,Mentee,100,71,82,162,185,55,172,13,140,149,193,61,105,66,92,Manufacturing,3,1,10,6,5,8,9
105,Mentee,180,186,109,95,189,166,136,9,65,96,14,94,160,7,17,Consumer Goods,4,10,7,1,8,2,3
106,Mentee,80,149,140,0,185,141,136,178,10,73,50,19,66,198,35,Automotive;Pharmaceuticals;Consumer Goods;Construction;Real Estate,4,2,8,1,3,5,7
107,Mentee,149,162,166,78,153,22,160,84,44,56,65,55,30,185,51,Hospitality;Transportation and Logistics,7,2,6,5,3,4,9
108,Mentee,93,187,195,199,62,61,41,183,92,182,86,168,185,69,172,Manufacturing;Construction,2,8,7,6,3,10,4
109,Mentee,70,121,56,185,144,36,114,173,60,86,39,22,169,194,119,Consumer Goods;Construction;Pharmaceuticals;Energy,5,1,7,3,9,6,8
110,Mentee,76,198,54,38,144,62,168,46,61,114,18,134,82,79,98,Hospitality;Manufacturing;Automotive;Telecommunications;Agriculture,1,6,2,8,4,3,10
111,Mentee,146,82,151,139,6,54,175,96,5,154,42,16,32,133,152,Biotechnology,10,4,2,9,6,7,3
112,Mentee,87,71,8,72,113,196,68,90,80,24,198,94,169,139,154,Energy;Pharmaceuticals,7,3,6,10,2,1,8
113,Mentee,39,0,45,69,17,24,170,131,109,79,115,58,107,2,72,Agriculture;Telecommunications,3,6,4,8,7,1,9
114,Mentee,111,54,93,113,34,102,124,64,40,13,78,197,67,90,162,Transportation and Logistics;Construction;Pharmaceuticals;Hospitality;Biotechnology,2,7,5,3,4,10,6
115,Mentee,110,28,157,69,18,52,87,78,29,26,155,20,113,68,143,Construction,3,5,8,4,10,6,7
116,Mentee,47,162,79,141,50,62,106,137,187,49,194,133,29,143,75,Real Estate;Telecommunications,1,9,3,7,8,5,10
117,Mentee,121,46,199,79,6,39,93,178,44,198,58,75,191,29,187,Telecommunications;Transportation and Logistics,3,10,7,4,6,2,1
118,Mentee,47,90,5,124,185,180,87,78,69,43,79,86,61,67,62,Construction;Telecommunications,7,2,6,8,10,4,1
119,Mentee,156,107,181,48,34,27,140,51,8,173,104,72,0,141,196,Pharmaceuticals,4,7,2,3,9,8,6
120,Mentee,185,23,131,85,170,107,94,167,42,135,194,66,71,112,68,Agriculture;Pharmaceuticals;Hospitality;Real Estate,4,1,7,9,2,8,3
121,Mentee,154,10,14,17,160,186,24,178,56,51,12,62,189,188,163,Consumer Goods;Telecommunications;Pharmaceuticals,7,1,6,8,3,4,10
122,Mentee,119,106,11,184,121,61,154,171,174,166,156,132,36,76,178,Consumer Goods;Mining;Manufacturing,4,2,6,9,8,1,10
123,Mentee,165,38,45,73,78,48,68,44,76,144,134,189,129,39,55,Automotive,5,9,10,2,7,3,6
124,Mentee,76,154,152,146,9,133,19,40,139,184,57,160,110,188,14,Mining;Biotechnology,10,7,4,8,3,9,6
125,Mentee,0,194,168,123,23,58,53,5,114,87,195,110,198,19,113,Energy,1,7,10,2,8,3,6
126,Mentee,28,107,62,105,147,196,172,42,9,153,86,170,49,188,47,Manufacturing;Real Estate;Pharmaceuticals;Telecommunications,10,9,1,5,2,7,8
127,Mentee,19,164,45,0,94,74,172,115,32,7,78,42,162,79,20,Agriculture;Hospitality,10,3,6,1,4,2,8
128,Mentee,185,183,142,95,64,126,109,160,6,121,171,93,197,198,117,Transportation and Logistics,9,5,7,8,1,4,6
129,Mentee,121,20,116,179,35,158,130,1,155,166,34,59,46,50,26,Information Technology,7,5,6,9,8,1,3
130,Mentee,133,109,131,23,3,172,130,56,171,141,51,28,12,145,165,Biotechnology;Information Technology;Pharmaceuticals,2,10,3,8,6,4,1
131,Mentee,71,171,76,39,30,5,164,52,38,132,191,17,0,44,174,Pharmaceuticals;Mining;Telecommunications,6,2,3,5,9,1,7
132,Mentee,125,94,96,139,102,28,113,17,104,25,154,182,86,162,19,Automotive;Consumer Goods;Construction,3,7,2,10,9,8,4
133,Mentee,124,62,20,113,157,143,28,52,155,14,69,68,19,104,195,Construction,6,5,9,8,3,10,2
134,Mentee,26,110,69,19,93,18,166,62,125,112,14,88,20,87,157,Construction,5,6,8,2,1,10,3
135,Mentee,188,19,172,51,163,24,175,115,36,6,88,5,179,111,65,Agriculture;Biotechnology;Real Estate;Consumer Goods,7,9,3,4,5,1,2
136,Mentee,154,150,146,118,65,172,6,82,120,147,130,145,54,188,119,Biotechnology,5,10,7,2,8,3,6
137,Mentee,20,162,60,58,37,9,191,44,34,197,24,163,111,185,109,Consumer Goods;Information Technology;Hospitality;Real Estate,5,3,8,10,7,4,6
138,Mentee,178,79,64,195,36,80,189,180,188,89,20,53,14,157,156,Construction;Pharmaceuticals;Real Estate;Consumer Goods,10,6,8,2,4,9,7
139,Mentee,186,163,194,178,4,36,128,119,122,100,41,106,189,9,73,Automotive;Manufacturing;Hospitality;Energy;Consumer Goods,8,9,4,10,1,3,7
140,Mentee,143,184,0,23,5,92,67,105,97,193,71,140,24,8,102,Pharmaceuticals;Transportation and Logistics;Manufacturing;Real Estate,5,4,7,6,8,3,1
141,Mentee,104,99,0,154,19,10,144,76,168,198,170,172,123,141,106,Energy,4,9,3,1,10,6,2
142,Mentee,37,168,193,29,58,69,199,192,77,18,79,84,65,32,118,Hospitality,2,9,5,6,7,8,3
143,Mentee,80,153,0,94,50,24,156,189,39,17,137,10,84,170,166,Real Estate;Consumer Goods,5,9,1,8,4,7,2
144,Mentee,112,59,101,118,79,30,166,143,56,66,6,33,43,57,37,Construction;Hospitality,10,6,1,9,3,2,5
145,Mentee,133,154,22,194,51,195,28,127,157,188,10,70,71,169,119,Pharmaceuticals;Real Estate;Energy;Telecommunications,3,8,10,1,9,6,7
146,Mentee,138,119,19,131,150,185,101,35,161,158,1,10,8,124,69,Manufacturing;Telecommunications;Information Technology;Consumer Goods;Construction,5,6,7,9,3,4,8
147,Mentee,109,179,18,156,77,198,185,61,89,25,35,163,34,172,62,Telecommunications;Biotechnology;Consumer Goods,8,2,9,4,7,1,10
148,Mentee,136,84,199,51,56,134,103,192,118,147,86,164,168,113,6,Hospitality;Automotive,2,5,4,3,1,6,9
149,Mentee,81,12,144,29,56,23,6,22,136,130,3,142,64,109,151,Transportation and Logistics,3,1,8,7,5,2,9
150,Mentee,162,195,160,193,112,80,33,180,173,89,185,0,85,86,126,Pharmaceuticals;Construction;Manufacturing;Transportation and Logistics,3,1,6,8,9,2,5
151,Mentee,90,118,133,45,152,184,106,16,5,144,165,8,26,67,108,Energy;Biotechnology;Pharmaceuticals;Agriculture;Transportation and Logistics,6,5,3,9,1,2,8
152,Mentee,63,77,13,44,19,174,14,52,125,6,149,138,93,161,11,Mining,4,2,7,10,9,3,6
153,Mentee,119,178,66,100,121,154,48,104,49,68,123,90,60,78,136,Consumer Goods;Construction,2,10,8,9,4,6,1
154,Mentee,94,66,123,16,79,158,10,54,156,164,196,7,26,9,186,Hospitality;Consumer Goods;Pharmaceuticals;Biotechnology;Information Technology,5,6,7,2,8,3,10
155,Mentee,49,146,183,78,86,153,80,191,113,124,144,100,79,52,195,Construction;Real Estate,3,1,6,4,2,7,5
156,Mentee,152,64,160,86,138,9,26,32,89,16,50,33,72,107,150,Agriculture;Real Estate;Biotechnology,8,1,3,5,7,6,2
157,Mentee,3,87,42,173,179,36,86,46,79,130,185,96,60,51,4,Biotechnology;Automotive;Consumer Goods;Manufacturing;Transportation and Logistics,7,3,1,9,4,6,10
158,Mentee,65,198,87,118,90,5,106,196,76,139,147,124,99,113,42,Energy,5,1,8,3,6,10,7
159,Mentee,129,46,101,135,82,149,55,165,195,147,154,127,145,150,140,Manufacturing;Telecommunications;Automotive,9,4,7,10,8,2,3
160,Mentee,131,3,130,184,120,197,62,198,22,44,193,95,153,1,93,Transportation and Logistics,4,8,5,9,3,10,6
161,Mentee,86,2,132,144,20,188,45,182,26,146,33,135,172,151,19,Real Estate;Construction;Agriculture,1,5,10,3,4,6,8
162,Mentee,123,135,125,32,59,76,45,161,35,8,1,155,195,104,2,Energy;Consumer Goods;Agriculture;Information Technology,1,2,5,8,4,6,10
163,Mentee,23,20,130,87,161,46,121,116,68,1,158,35,106,28,5,Information Technology,9,7,10,5,1,8,2
164,Mentee,114,22,85,195,140,41,157,187,156,24,80,50,56,72,145,Pharmaceuticals,8,5,10,7,6,9,4
165,Mentee,194,22,144,186,6,152,156,172,84,41,86,20,50,97,16,Energy;Real Estate;Consumer Goods;Mining,8,3,5,10,4,2,1
166,Mentee,72,113,154,101,88,121,194,129,89,90,180,43,161,83,33,Agriculture;Information Technology;Real Estate;Pharmaceuticals;Automotive,7,1,6,2,4,5,10
167,Mentee,39,41,83,77,35,189,157,76,159,38,139,61,6,65,164,Consumer Goods;Transportation and Logistics;Telecommunications;Pharmaceuticals;Information Technology,9,5,2,3,6,8,10
168,Mentee,160,157,179,82,22,139,150,67,193,28,25,133,40,7,29,Transportation and Logistics;Biotechnology;Construction,1,4,10,5,2,7,6
169,Mentee,5,95,67,166,62,155,129,82,78,119,59,165,134,179,197,Transportation and Logistics;Biotechnology;Information Technology;Automotive,5,1,7,8,6,9,4
170,Mentee,17,23,72,152,157,84,113,183,79,171,188,7,192,10,77,Real Estate;Transportation and Logistics;Agriculture;Manufacturing;Information Technology,8,10,4,9,6,2,1
171,Mentee,22,146,40,41,143,55,62,111,77,89,140,183,88,112,170,Consumer Goods;Manufacturing;Construction;Pharmaceuticals;Automotive,10,7,4,5,9,2,1
172,Mentee,104,109,30,71,173,22,14,166,25,150,51,8,155,152,50,Biotechnology;Hospitality;Information Technology;Construction;Pharmaceuticals,9,4,10,2,6,3,7
173,Mentee,98,17,149,12,117,135,142,164,140,77,131,55,39,75,110,Automotive;Telecommunications,8,7,4,10,2,3,9
174,Mentee,77,47,132,43,13,122,34,149,58,105,180,125,49,150,51,Manufacturing;Telecommunications,6,3,8,10,2,4,9
175,Mentee,7,192,98,59,30,162,92,102,191,101,51,28,78,77,79,Hospitality,4,10,3,2,9,8,6
176,Mentee,42,188,119,135,26,155,34,109,76,36,159,154,171,187,20,Construction;Telecommunications;Mining;Consumer Goods,4,9,7,5,8,6,3
177,Mentee,34,49,17,20,76,43,112,160,118,115,120,37,158,64,121,Hospitality;Agriculture;Automotive;Energy;Transportation and Logistics,5,8,1,4,7,3,9
178,Mentee,131,79,38,110,98,133,49,58,159,39,90,106,180,76,182,Telecommunications,10,8,9,2,1,5,6
179,Mentee,21,155,87,64,132,106,32,130,109,43,178,50,89,68,26,Information Technology,8,9,4,1,6,7,10
180,Mentee,72,133,181,104,11,30,22,71,182,8,16,25,147,158,55,Hospitality;Telecommunications;Mining;Pharmaceuticals,6,7,1,4,3,8,2
181,Mentee,30,13,154,117,60,98,71,196,108,188,0,32,42,96,140,Pharmaceuticals;Telecommunications;Biotechnology,10,3,6,1,9,4,2
182,Mentee,143,152,145,173,138,34,23,169,0,139,100,97,84,76,65,Real Estate;Pharmaceuticals;Mining;Information Technology,8,7,6,2,9,3,1
183,Mentee,132,89,71,179,32,155,64,108,106,96,59,5,182,35,46,Information Technology,10,6,4,9,5,2,1
184,Mentee,5,109,57,9,45,179,195,168,32,110,76,175,138,37,183,Mining;Hospitality;Agriculture;Biotechnology,8,1,3,2,7,9,6
185,Mentee,114,40,165,189,187,195,89,9,48,71,166,10,175,26,158,Information Technology;Automotive,9,4,5,2,7,3,8
186,Mentee,118,71,32,77,158,101,98,161,196,166,103,102,78,104,116,Hospitality;Information Technology,9,7,4,1,10,3,8
187,Mentee,6,180,131,39,47,10,168,135,20,154,96,18,195,9,65,Biotechnology;Energy;Telecommunications;Mining,2,10,6,3,5,8,1
188,Mentee,11,54,194,84,133,191,130,179,10,118,80,161,93,140,14,Real Estate;Manufacturing;Information Technology;Mining;Biotechnology,7,4,9,6,10,1,8
189,Mentee,120,25,145,139,160,82,175,133,187,199,171,196,54,146,107,Biotechnology,4,6,1,8,5,7,9
190,Mentee,172,108,160,175,188,66,6,119,145,54,147,196,25,139,130,Biotechnology,7,5,3,8,10,2,4
191,Mentee,14,57,161,27,61,100,12,169,93,11,184,28,0,181,139,Pharmaceuticals;Mining,10,7,4,1,9,5,6
192,Mentee,58,56,6,84,192,74,158,7,51,69,199,176,77,28,30,Hospitality,5,8,4,9,1,2,10
193,Mentee,30,144,33,110,96,114,179,56,7,182,34,188,143,84,130,Biotechnology;Hospitality;Construction;Mining;Energy,2,7,8,9,4,6,5
194,Mentee,153,79,8,13,6,181,170,61,7,92,126,160,46,178,109,Pharmaceuticals;Agriculture;Manufacturing;Transportation and Logistics,6,2,7,5,8,10,9
195,Mentee,109,38,176,149,4,73,115,10,66,116,177,198,188,26,91,Biotechnology;Information Technology;Agriculture;Automotive,8,9,2,5,7,6,4
196,Mentee,125,41,13,82,9,66,168,195,124,16,22,93,111,164,130,Manufacturing;Construction;Transportation and Logistics;Mining,3,10,9,2,6,5,1
197,Mentee,195,131,80,24,0,150,71,48,185,181,86,12,78,196,104,Pharmaceuticals,2,4,9,6,1,8,3
198,Mentee,19,26,143,113,166,87,86,33,78,195,18,20,88,29,132,Construction,7,3,2,1,8,4,10
199,Mentee,181,58,194,65,110,28,23,19,48,154,8,53,141,177,20,Pharmaceuticals;Energy;Agriculture,4,8,10,2,6,5,1
