ID,Please indicate if you have a preference for what gender your mentor/mentee is:,How important is accessing and developing a professional AAPI network?,How open are you to exploring topics outside of your immediate career or academic focus in the mentorship?,"How much do you value a structured mentoring relationship (e.g., goal setting, progress tracking)?","How important is frequent communication (e.g., weekly or bi-weekly) in a mentoring relationship?",Select if you are a Kin Mentor or Kin Mentee,Would you be open to the possibility of having 2 Kin Mentees?,What industries can you provide mentorship on?,"How comfortable do you feel providing guidance on professional skills such as resume writing, interviewing, personal brand, presentation skills, etc.?",How confident do you feel in guiding your mentee in securing an internship or full-time employment opportunity?,Who is your #1 Kin Mentee preference?,Who is your #2 Kin Mentee preference?,Who is your #3 Kin Mentee preference?,Who is your #4 Kin Mentee preference?,Who is your #5 Kin Mentee preference?,Who is your #6 Kin Mentee preference?,Who is your #7 Kin Mentee preference?,Who is your #8 Kin Mentee preference?,Who is your #9 Kin Mentee preference?,Who is your #10 Kin Mentee preference?,Who is your #11 Kin Mentee preference?,Who is your #12 Kin Mentee preference?,Who is your #13 Kin Mentee preference?,Who is your #14 Kin Mentee preference?,Who is your #15 Kin Mentee preference?,Would you be open to the possibility of having a 1 Kin Mentor: 2 Kin Mentee mentorship partnership?,What industries are you interested in receiving mentorship on?,"How important is enhancing professional skills (resume writing, interviewing, personal brand, presentation skills, etc.)?",How important is securing an internship or full-time employment opportunity?,Who is your #1 Kin Mentor preference?,Who is your #2 Kin Mentor preference?,Who is your #3 Kin Mentor preference?,Who is your #4 Kin Mentor preference?,Who is your #5 Kin Mentor preference?,Who is your #6 Kin Mentor preference?,Who is your #7 Kin Mentor preference?,Who is your #8 Kin Mentor preference?,Who is your #9 Kin Mentor preference?,Who is your #10 Kin Mentor preference?,Who is your #11 Kin Mentor preference?,Who is your #12 Kin Mentor preference?,Who is your #13 Kin Mentor preference?,Who is your #14 Kin Mentor preference?,Who is your #15 Kin Mentor preference?
0,Female,9,1,6,10,Kin Mentee,,,,,,,,,,,,,,,,,,,,No,Healthcare;,7.0,5.0,306.0,226.0,244.0,204.0,264.0,300.0,222.0,351.0,205.0,371.0,251.0,240.0,284.0,321.0,375.0
1,Female,1,5,1,6,Kin Mentee,,,,,,,,,,,,,,,,,,,,Yes,Entrepreneurship;Food and Beverage;Arts and Design;Education;Healthcare;,2.0,4.0,325.0,374.0,392.0,218.0,295.0,309.0,281.0,273.0,319.0,254.0,331.0,344.0,279.0,227.0,390.0
2,Female,5,7,9,6,Kin Mentee,,,,,,,,,,,,,,,,,,,,Yes,Agriculture;Nonprofit;Hospitality;Fashion;Healthcare;,6.0,7.0,340.0,377.0,233.0,391.0,309.0,295.0,211.0,263.0,257.0,298.0,251.0,346.0,361.0,306.0,357.0
3,No Preference,4,1,4,10,Kin Mentee,,,,,,,,,,,,,,,,,,,,Yes,Human Resources;Healthcare;Technology;Media and News;,8.0,7.0,388.0,237.0,306.0,307.0,201.0,370.0,252.0,244.0,273.0,355.0,206.0,376.0,231.0,289.0,305.0
4,Male,5,1,9,5,Kin Mentee,,,,,,,,,,,,,,,,,,,,Yes,Accounting;Nonprofit;Media and News;Human Resources;,6.0,9.0,302.0,311.0,317.0,345.0,264.0,342.0,223.0,214.0,371.0,394.0,262.0,327.0,230.0,270.0,295.0
5,Female,3,3,7,5,Kin Mentee,,,,,,,,,,,,,,,,,,,,No,Real Estate;,8.0,5.0,273.0,211.0,286.0,222.0,374.0,242.0,348.0,219.0,207.0,204.0,384.0,206.0,200.0,275.0,354.0
6,No Preference,5,5,10,6,Kin Mentee,,,,,,,,,,,,,,,,,,,,No,Food and Beverage;Other;,6.0,6.0,289.0,234.0,387.0,244.0,229.0,252.0,386.0,217.0,389.0,239.0,344.0,321.0,323.0,278.0,209.0
7,Nonbinary/Fluid/Gender Queer,2,9,1,9,Kin Mentee,,,,,,,,,,,,,,,,,,,,Yes,Consulting;Government;,2.0,2.0,384.0,339.0,220.0,209.0,365.0,334.0,318.0,333.0,290.0,309.0,201.0,364.0,236.0,375.0,203.0
8,Female,3,3,5,10,Kin Mentee,,,,,,,,,,,,,,,,,,,,Yes,Entertainment;Agriculture;,9.0,5.0,271.0,384.0,255.0,304.0,260.0,274.0,220.0,293.0,208.0,316.0,373.0,338.0,355.0,257.0,268.0
9,Female,6,5,9,9,Kin Mentee,,,,,,,,,,,,,,,,,,,,Yes,Finance;Advertising/Marketing;Government;,4.0,10.0,260.0,363.0,333.0,275.0,399.0,293.0,276.0,381.0,296.0,352.0,211.0,351.0,319.0,316.0,374.0
10,No Preference,10,10,8,4,Kin Mentee,,,,,,,,,,,,,,,,,,,,No,Agriculture;Consulting;,7.0,9.0,343.0,255.0,365.0,323.0,369.0,273.0,326.0,394.0,356.0,381.0,200.0,331.0,306.0,207.0,370.0
11,Female,8,4,5,3,Kin Mentee,,,,,,,,,,,,,,,,,,,,No,Agriculture;Engineering;,8.0,1.0,355.0,387.0,287.0,392.0,247.0,259.0,345.0,282.0,265.0,374.0,242.0,235.0,348.0,385.0,226.0
12,Female,10,2,2,8,Kin Mentee,,,,,,,,,,,,,,,,,,,,Yes,Aerospace;,10.0,4.0,390.0,289.0,276.0,286.0,267.0,259.0,367.0,297.0,218.0,207.0,324.0,336.0,311.0,220.0,309.0
13,Male,7,4,5,7,Kin Mentee,,,,,,,,,,,,,,,,,,,,Yes,Other;Legal;,1.0,1.0,346.0,246.0,208.0,384.0,390.0,282.0,325.0,349.0,331.0,240.0,326.0,375.0,376.0,303.0,365.0
14,Male,1,4,9,7,Kin Mentee,,,,,,,,,,,,,,,,,,,,No,Real Estate;Entertainment;,9.0,7.0,379.0,236.0,311.0,215.0,389.0,219.0,317.0,395.0,268.0,369.0,397.0,201.0,394.0,337.0,354.0
15,Nonbinary/Fluid/Gender Queer,3,6,2,9,Kin Mentee,,,,,,,,,,,,,,,,,,,,No,Healthcare;Fashion;Legal;Arts and Design;,3.0,4.0,268.0,257.0,256.0,238.0,389.0,254.0,232.0,360.0,226.0,280.0,345.0,356.0,288.0,348.0,324.0
16,Male,2,10,9,6,Kin Mentee,,,,,,,,,,,,,,,,,,,,No,Hospitality;Entertainment;Legal;,1.0,9.0,268.0,364.0,225.0,227.0,359.0,234.0,332.0,246.0,304.0,397.0,311.0,370.0,277.0,322.0,352.0
17,Female,3,5,3,8,Kin Mentee,,,,,,,,,,,,,,,,,,,,No,Aerospace;Agriculture;,2.0,7.0,266.0,368.0,227.0,236.0,397.0,273.0,358.0,342.0,351.0,294.0,391.0,299.0,256.0,229.0,276.0
18,Male,3,7,6,1,Kin Mentee,,,,,,,,,,,,,,,,,,,,Yes,Fashion;Nonprofit;Food and Beverage;Human Resources;,7.0,8.0,325.0,242.0,352.0,317.0,274.0,292.0,363.0,337.0,297.0,299.0,324.0,351.0,248.0,371.0,353.0
19,Nonbinary/Fluid/Gender Queer,10,10,1,10,Kin Mentee,,,,,,,,,,,,,,,,,,,,No,Consulting;Arts and Design;Nonprofit;Pharmaceutical;,4.0,1.0,320.0,350.0,254.0,232.0,313.0,288.0,279.0,230.0,255.0,236.0,368.0,299.0,270.0,355.0,200.0
20,Male,3,2,3,9,Kin Mentee,,,,,,,,,,,,,,,,,,,,No,Accounting;Legal;,1.0,5.0,388.0,382.0,386.0,285.0,351.0,349.0,385.0,260.0,214.0,264.0,292.0,266.0,279.0,220.0,316.0
21,No Preference,7,6,2,1,Kin Mentee,,,,,,,,,,,,,,,,,,,,No,Agriculture;,2.0,7.0,364.0,324.0,297.0,273.0,359.0,313.0,279.0,278.0,357.0,262.0,342.0,218.0,369.0,321.0,295.0
22,Female,5,9,5,1,Kin Mentee,,,,,,,,,,,,,,,,,,,,Yes,Healthcare;Agriculture;Entertainment;,9.0,2.0,354.0,338.0,281.0,395.0,222.0,223.0,375.0,240.0,367.0,319.0,275.0,232.0,344.0,256.0,306.0
23,Nonbinary/Fluid/Gender Queer,5,3,3,6,Kin Mentee,,,,,,,,,,,,,,,,,,,,No,Technology;,7.0,2.0,389.0,254.0,336.0,213.0,201.0,228.0,364.0,379.0,240.0,395.0,322.0,246.0,214.0,361.0,239.0
24,Female,5,3,6,9,Kin Mentee,,,,,,,,,,,,,,,,,,,,No,Entertainment;Government;Finance;Nonprofit;Food and Beverage;,10.0,5.0,206.0,294.0,393.0,305.0,341.0,292.0,322.0,248.0,285.0,351.0,225.0,329.0,227.0,252.0,298.0
25,Female,4,2,3,4,Kin Mentee,,,,,,,,,,,,,,,,,,,,No,Finance;Entertainment;Consulting;Advertising/Marketing;,3.0,5.0,311.0,342.0,240.0,368.0,384.0,358.0,265.0,254.0,343.0,244.0,333.0,280.0,218.0,235.0,360.0
26,Nonbinary/Fluid/Gender Queer,5,9,9,6,Kin Mentee,,,,,,,,,,,,,,,,,,,,Yes,Entertainment;Hospitality;Advertising/Marketing;,1.0,4.0,376.0,326.0,322.0,340.0,200.0,299.0,323.0,240.0,289.0,385.0,251.0,241.0,310.0,223.0,394.0
27,Female,3,9,1,4,Kin Mentee,,,,,,,,,,,,,,,,,,,,Yes,Agriculture;Food and Beverage;,5.0,4.0,375.0,243.0,358.0,210.0,395.0,383.0,262.0,373.0,381.0,224.0,234.0,248.0,204.0,259.0,267.0
28,Female,6,7,3,3,Kin Mentee,,,,,,,,,,,,,,,,,,,,No,Pharmaceutical;Arts and Design;,2.0,2.0,290.0,355.0,237.0,396.0,310.0,249.0,250.0,313.0,367.0,340.0,341.0,229.0,312.0,234.0,303.0
29,Female,3,2,9,7,Kin Mentee,,,,,,,,,,,,,,,,,,,,Yes,Legal;Advertising/Marketing;Finance;Entertainment;Pharmaceutical;,2.0,4.0,294.0,258.0,268.0,215.0,244.0,380.0,360.0,295.0,324.0,300.0,394.0,344.0,206.0,339.0,265.0
30,Female,4,5,5,7,Kin Mentee,,,,,,,,,,,,,,,,,,,,Yes,Pharmaceutical;Nonprofit;Legal;Fashion;Education;,7.0,8.0,264.0,300.0,330.0,230.0,368.0,369.0,333.0,292.0,372.0,210.0,362.0,244.0,371.0,328.0,293.0
31,Nonbinary/Fluid/Gender Queer,9,6,10,8,Kin Mentee,,,,,,,,,,,,,,,,,,,,No,Finance;Accounting;Entertainment;Legal;Government;,7.0,8.0,340.0,330.0,346.0,211.0,252.0,215.0,208.0,374.0,324.0,300.0,315.0,355.0,344.0,229.0,325.0
32,No Preference,7,8,7,5,Kin Mentee,,,,,,,,,,,,,,,,,,,,Yes,Government;,1.0,9.0,202.0,220.0,375.0,378.0,228.0,376.0,309.0,341.0,397.0,357.0,359.0,279.0,368.0,255.0,211.0
33,Nonbinary/Fluid/Gender Queer,5,3,4,1,Kin Mentee,,,,,,,,,,,,,,,,,,,,Yes,Advertising/Marketing;Consulting;Food and Beverage;Hospitality;Entrepreneurship;,10.0,10.0,312.0,255.0,339.0,300.0,351.0,392.0,316.0,270.0,256.0,359.0,301.0,393.0,257.0,242.0,338.0
34,Female,10,7,3,3,Kin Mentee,,,,,,,,,,,,,,,,,,,,Yes,Other;Aerospace;,10.0,10.0,312.0,367.0,397.0,236.0,213.0,301.0,306.0,310.0,327.0,371.0,288.0,212.0,314.0,328.0,353.0
35,Male,5,3,5,5,Kin Mentee,,,,,,,,,,,,,,,,,,,,Yes,Healthcare;Aerospace;Consulting;,4.0,8.0,380.0,304.0,316.0,224.0,392.0,273.0,394.0,205.0,226.0,254.0,373.0,222.0,218.0,353.0,302.0
36,Nonbinary/Fluid/Gender Queer,7,2,9,8,Kin Mentee,,,,,,,,,,,,,,,,,,,,No,Arts and Design;Entertainment;Other;,3.0,5.0,366.0,346.0,315.0,380.0,214.0,395.0,200.0,377.0,220.0,355.0,231.0,333.0,245.0,399.0,352.0
37,Female,8,1,5,9,Kin Mentee,,,,,,,,,,,,,,,,,,,,Yes,Human Resources;,9.0,6.0,235.0,330.0,268.0,389.0,285.0,204.0,326.0,200.0,254.0,300.0,277.0,292.0,396.0,348.0,318.0
38,No Preference,2,5,4,2,Kin Mentee,,,,,,,,,,,,,,,,,,,,No,Finance;,4.0,5.0,279.0,297.0,247.0,208.0,252.0,338.0,256.0,362.0,329.0,302.0,369.0,212.0,348.0,283.0,287.0
39,Male,9,3,3,2,Kin Mentee,,,,,,,,,,,,,,,,,,,,No,Other;Finance;Legal;Government;,5.0,7.0,318.0,339.0,328.0,362.0,386.0,257.0,280.0,370.0,317.0,228.0,358.0,352.0,330.0,350.0,372.0
40,Nonbinary/Fluid/Gender Queer,10,8,4,6,Kin Mentee,,,,,,,,,,,,,,,,,,,,No,Real Estate;Arts and Design;Agriculture;Technology;Food and Beverage;,7.0,1.0,268.0,322.0,312.0,263.0,366.0,207.0,244.0,359.0,226.0,320.0,278.0,298.0,297.0,355.0,352.0
41,Female,9,4,4,10,Kin Mentee,,,,,,,,,,,,,,,,,,,,No,Nonprofit;,3.0,2.0,260.0,242.0,360.0,238.0,264.0,227.0,306.0,281.0,263.0,326.0,279.0,212.0,320.0,304.0,298.0
42,Female,8,1,3,6,Kin Mentee,,,,,,,,,,,,,,,,,,,,Yes,Real Estate;Healthcare;Agriculture;Technology;Legal;,2.0,3.0,368.0,370.0,259.0,260.0,393.0,256.0,229.0,244.0,254.0,248.0,330.0,273.0,363.0,388.0,351.0
43,Male,8,7,1,6,Kin Mentee,,,,,,,,,,,,,,,,,,,,Yes,Aerospace;Real Estate;,8.0,8.0,237.0,218.0,224.0,351.0,388.0,354.0,310.0,263.0,265.0,371.0,399.0,232.0,326.0,329.0,324.0
44,Nonbinary/Fluid/Gender Queer,7,4,5,10,Kin Mentee,,,,,,,,,,,,,,,,,,,,No,Legal;,10.0,8.0,388.0,256.0,373.0,395.0,266.0,258.0,359.0,292.0,318.0,240.0,300.0,273.0,294.0,267.0,276.0
45,Male,8,6,9,2,Kin Mentee,,,,,,,,,,,,,,,,,,,,Yes,Finance;Technology;Legal;Agriculture;Human Resources;,10.0,6.0,248.0,329.0,259.0,374.0,278.0,201.0,240.0,334.0,269.0,257.0,394.0,242.0,301.0,357.0,296.0
46,Male,1,9,9,9,Kin Mentee,,,,,,,,,,,,,,,,,,,,Yes,Advertising/Marketing;Food and Beverage;,6.0,5.0,290.0,292.0,217.0,255.0,208.0,335.0,374.0,339.0,380.0,307.0,235.0,219.0,209.0,240.0,293.0
47,Female,4,4,8,4,Kin Mentee,,,,,,,,,,,,,,,,,,,,Yes,Technology;,4.0,4.0,229.0,268.0,308.0,392.0,374.0,205.0,296.0,228.0,295.0,200.0,397.0,286.0,264.0,307.0,271.0
48,Male,3,1,9,3,Kin Mentee,,,,,,,,,,,,,,,,,,,,Yes,Advertising/Marketing;Technology;,10.0,4.0,355.0,341.0,352.0,393.0,259.0,262.0,234.0,306.0,339.0,265.0,389.0,363.0,372.0,309.0,218.0
49,Nonbinary/Fluid/Gender Queer,4,3,1,5,Kin Mentee,,,,,,,,,,,,,,,,,,,,Yes,Legal;Entertainment;,10.0,4.0,266.0,241.0,363.0,364.0,313.0,200.0,379.0,232.0,207.0,361.0,380.0,308.0,348.0,305.0,240.0
50,Male,8,1,7,5,Kin Mentee,,,,,,,,,,,,,,,,,,,,Yes,Fashion;Engineering;,10.0,5.0,374.0,362.0,331.0,260.0,392.0,320.0,292.0,200.0,278.0,337.0,399.0,209.0,273.0,332.0,373.0
51,Nonbinary/Fluid/Gender Queer,4,5,9,3,Kin Mentee,,,,,,,,,,,,,,,,,,,,No,Education;,7.0,5.0,306.0,252.0,395.0,334.0,337.0,297.0,371.0,273.0,225.0,201.0,296.0,294.0,224.0,383.0,304.0
52,Male,3,3,2,10,Kin Mentee,,,,,,,,,,,,,,,,,,,,Yes,Pharmaceutical;Food and Beverage;Government;,6.0,3.0,294.0,356.0,311.0,378.0,238.0,326.0,234.0,231.0,370.0,277.0,257.0,364.0,236.0,350.0,365.0
53,Nonbinary/Fluid/Gender Queer,4,5,5,1,Kin Mentee,,,,,,,,,,,,,,,,,,,,Yes,Media and News;Arts and Design;Fashion;,1.0,8.0,298.0,278.0,351.0,319.0,362.0,366.0,344.0,287.0,270.0,219.0,385.0,368.0,342.0,206.0,267.0
54,Female,9,6,4,7,Kin Mentee,,,,,,,,,,,,,,,,,,,,Yes,Advertising/Marketing;Finance;Real Estate;Entertainment;Accounting;,4.0,6.0,331.0,274.0,396.0,259.0,381.0,330.0,252.0,260.0,262.0,236.0,301.0,270.0,248.0,395.0,294.0
55,Female,5,8,10,1,Kin Mentee,,,,,,,,,,,,,,,,,,,,Yes,Advertising/Marketing;Food and Beverage;Healthcare;Government;,6.0,3.0,237.0,307.0,340.0,294.0,272.0,297.0,374.0,216.0,392.0,250.0,289.0,240.0,230.0,355.0,391.0
56,Nonbinary/Fluid/Gender Queer,5,10,4,10,Kin Mentee,,,,,,,,,,,,,,,,,,,,Yes,Pharmaceutical;Engineering;Real Estate;Media and News;Hospitality;,3.0,9.0,349.0,317.0,296.0,324.0,236.0,380.0,203.0,360.0,344.0,343.0,206.0,314.0,253.0,251.0,375.0
57,Nonbinary/Fluid/Gender Queer,7,2,8,9,Kin Mentee,,,,,,,,,,,,,,,,,,,,Yes,Human Resources;Food and Beverage;Advertising/Marketing;Nonprofit;,3.0,7.0,244.0,304.0,337.0,261.0,270.0,210.0,292.0,358.0,287.0,232.0,352.0,316.0,306.0,268.0,300.0
58,No Preference,10,2,7,1,Kin Mentee,,,,,,,,,,,,,,,,,,,,No,Food and Beverage;Hospitality;Agriculture;,9.0,5.0,363.0,288.0,348.0,364.0,358.0,253.0,248.0,335.0,311.0,357.0,304.0,324.0,333.0,318.0,371.0
59,Female,5,7,6,6,Kin Mentee,,,,,,,,,,,,,,,,,,,,No,Entertainment;,6.0,8.0,292.0,374.0,388.0,324.0,380.0,309.0,297.0,304.0,239.0,395.0,294.0,371.0,260.0,360.0,346.0
60,No Preference,3,3,1,2,Kin Mentee,,,,,,,,,,,,,,,,,,,,Yes,Entrepreneurship;Technology;Media and News;Engineering;,3.0,2.0,382.0,233.0,381.0,389.0,263.0,359.0,258.0,219.0,208.0,256.0,374.0,354.0,347.0,242.0,307.0
61,No Preference,4,9,8,9,Kin Mentee,,,,,,,,,,,,,,,,,,,,No,Technology;Fashion;,3.0,8.0,312.0,327.0,297.0,307.0,214.0,264.0,372.0,285.0,271.0,226.0,294.0,296.0,233.0,277.0,227.0
62,Female,7,1,8,8,Kin Mentee,,,,,,,,,,,,,,,,,,,,No,Healthcare;Technology;Education;Legal;Agriculture;,4.0,3.0,395.0,350.0,389.0,206.0,359.0,344.0,231.0,235.0,278.0,291.0,367.0,251.0,325.0,323.0,256.0
63,Female,9,5,8,3,Kin Mentee,,,,,,,,,,,,,,,,,,,,Yes,Real Estate;Education;Healthcare;Engineering;Consulting;,10.0,7.0,352.0,254.0,356.0,344.0,283.0,305.0,303.0,271.0,348.0,296.0,209.0,387.0,207.0,304.0,374.0
64,Female,8,6,5,7,Kin Mentee,,,,,,,,,,,,,,,,,,,,No,Arts and Design;Real Estate;,9.0,2.0,317.0,339.0,318.0,224.0,393.0,207.0,343.0,359.0,322.0,275.0,267.0,365.0,242.0,214.0,374.0
65,No Preference,5,10,5,10,Kin Mentee,,,,,,,,,,,,,,,,,,,,No,Legal;,7.0,9.0,292.0,200.0,333.0,352.0,395.0,357.0,364.0,317.0,215.0,210.0,329.0,242.0,225.0,384.0,380.0
66,Male,2,7,3,2,Kin Mentee,,,,,,,,,,,,,,,,,,,,No,Government;Healthcare;,5.0,10.0,205.0,305.0,227.0,306.0,326.0,243.0,335.0,236.0,387.0,224.0,255.0,263.0,342.0,323.0,291.0
67,Female,6,6,5,7,Kin Mentee,,,,,,,,,,,,,,,,,,,,No,Hospitality;Finance;Technology;,7.0,4.0,305.0,312.0,265.0,341.0,358.0,270.0,263.0,336.0,213.0,252.0,307.0,355.0,256.0,332.0,259.0
68,Male,1,9,7,9,Kin Mentee,,,,,,,,,,,,,,,,,,,,Yes,Human Resources;Healthcare;Technology;Hospitality;Arts and Design;,5.0,3.0,207.0,215.0,330.0,228.0,235.0,277.0,222.0,323.0,332.0,362.0,380.0,227.0,394.0,387.0,296.0
69,No Preference,10,8,4,2,Kin Mentee,,,,,,,,,,,,,,,,,,,,No,Consulting;,3.0,4.0,250.0,354.0,307.0,372.0,330.0,214.0,352.0,385.0,283.0,343.0,266.0,317.0,293.0,277.0,284.0
70,Nonbinary/Fluid/Gender Queer,2,10,5,9,Kin Mentee,,,,,,,,,,,,,,,,,,,,Yes,Arts and Design;Entrepreneurship;Aerospace;,7.0,6.0,256.0,280.0,300.0,244.0,373.0,299.0,394.0,292.0,217.0,218.0,354.0,267.0,349.0,346.0,364.0
71,Male,4,6,10,6,Kin Mentee,,,,,,,,,,,,,,,,,,,,No,Agriculture;Hospitality;Real Estate;,2.0,8.0,324.0,348.0,257.0,219.0,272.0,296.0,245.0,390.0,306.0,262.0,226.0,209.0,271.0,350.0,378.0
72,Male,7,6,4,6,Kin Mentee,,,,,,,,,,,,,,,,,,,,No,Education;,6.0,9.0,304.0,232.0,214.0,276.0,310.0,230.0,264.0,257.0,385.0,391.0,333.0,287.0,272.0,370.0,355.0
73,No Preference,4,2,7,4,Kin Mentee,,,,,,,,,,,,,,,,,,,,Yes,Pharmaceutical;,8.0,9.0,276.0,237.0,388.0,273.0,218.0,258.0,280.0,286.0,222.0,379.0,310.0,255.0,300.0,296.0,305.0
74,Male,1,10,2,1,Kin Mentee,,,,,,,,,,,,,,,,,,,,Yes,Food and Beverage;Government;Education;Fashion;,8.0,10.0,369.0,284.0,340.0,307.0,302.0,349.0,397.0,275.0,342.0,209.0,251.0,258.0,322.0,288.0,270.0
75,Nonbinary/Fluid/Gender Queer,1,5,1,4,Kin Mentee,,,,,,,,,,,,,,,,,,,,Yes,Healthcare;,3.0,10.0,241.0,276.0,215.0,397.0,287.0,376.0,214.0,272.0,278.0,347.0,224.0,225.0,200.0,308.0,348.0
76,Male,3,2,8,8,Kin Mentee,,,,,,,,,,,,,,,,,,,,No,Entertainment;Pharmaceutical;Agriculture;Technology;Nonprofit;,4.0,1.0,357.0,322.0,229.0,206.0,306.0,321.0,362.0,335.0,381.0,351.0,377.0,343.0,308.0,365.0,329.0
77,Female,6,2,2,7,Kin Mentee,,,,,,,,,,,,,,,,,,,,Yes,Nonprofit;Entrepreneurship;,6.0,10.0,213.0,277.0,395.0,332.0,242.0,341.0,223.0,388.0,384.0,248.0,345.0,325.0,346.0,208.0,375.0
78,No Preference,2,8,4,8,Kin Mentee,,,,,,,,,,,,,,,,,,,,No,Legal;Government;Education;Fashion;,1.0,8.0,322.0,374.0,369.0,360.0,254.0,341.0,357.0,392.0,349.0,247.0,328.0,214.0,362.0,280.0,287.0
79,No Preference,9,5,10,7,Kin Mentee,,,,,,,,,,,,,,,,,,,,Yes,Human Resources;Arts and Design;Other;,3.0,5.0,307.0,262.0,219.0,359.0,393.0,319.0,317.0,390.0,341.0,326.0,314.0,207.0,297.0,221.0,377.0
80,Nonbinary/Fluid/Gender Queer,10,4,1,10,Kin Mentee,,,,,,,,,,,,,,,,,,,,No,Agriculture;Accounting;,2.0,1.0,365.0,349.0,295.0,263.0,250.0,342.0,257.0,281.0,252.0,237.0,366.0,382.0,338.0,378.0,300.0
81,No Preference,10,1,4,7,Kin Mentee,,,,,,,,,,,,,,,,,,,,No,Human Resources;Engineering;Agriculture;Healthcare;,9.0,3.0,291.0,206.0,353.0,262.0,302.0,277.0,375.0,390.0,333.0,322.0,339.0,311.0,257.0,321.0,359.0
82,Nonbinary/Fluid/Gender Queer,10,2,1,10,Kin Mentee,,,,,,,,,,,,,,,,,,,,Yes,Technology;Arts and Design;Consulting;,1.0,8.0,335.0,211.0,272.0,207.0,261.0,354.0,276.0,394.0,341.0,378.0,298.0,275.0,347.0,375.0,203.0
83,No Preference,7,5,4,5,Kin Mentee,,,,,,,,,,,,,,,,,,,,Yes,Aerospace;,7.0,10.0,349.0,328.0,341.0,374.0,385.0,205.0,336.0,265.0,330.0,219.0,348.0,235.0,273.0,247.0,314.0
84,Nonbinary/Fluid/Gender Queer,6,4,5,4,Kin Mentee,,,,,,,,,,,,,,,,,,,,No,Engineering;Pharmaceutical;Hospitality;Technology;Media and News;,1.0,7.0,356.0,248.0,262.0,226.0,310.0,392.0,369.0,240.0,245.0,305.0,247.0,335.0,376.0,355.0,351.0
85,No Preference,5,7,5,3,Kin Mentee,,,,,,,,,,,,,,,,,,,,Yes,Engineering;Consulting;Advertising/Marketing;,2.0,8.0,264.0,374.0,305.0,271.0,226.0,395.0,325.0,291.0,393.0,261.0,300.0,294.0,298.0,246.0,230.0
86,Male,6,8,7,3,Kin Mentee,,,,,,,,,,,,,,,,,,,,Yes,Legal;Aerospace;Pharmaceutical;,7.0,8.0,309.0,305.0,244.0,207.0,242.0,236.0,279.0,276.0,347.0,254.0,239.0,331.0,325.0,218.0,217.0
87,No Preference,8,7,1,3,Kin Mentee,,,,,,,,,,,,,,,,,,,,No,Agriculture;Accounting;Hospitality;,4.0,4.0,211.0,263.0,300.0,355.0,291.0,329.0,215.0,260.0,332.0,254.0,316.0,261.0,255.0,382.0,229.0
88,No Preference,4,3,4,1,Kin Mentee,,,,,,,,,,,,,,,,,,,,No,Fashion;,2.0,1.0,286.0,349.0,307.0,336.0,358.0,259.0,240.0,244.0,350.0,399.0,380.0,255.0,338.0,258.0,361.0
89,Female,8,9,6,4,Kin Mentee,,,,,,,,,,,,,,,,,,,,Yes,Real Estate;Aerospace;Human Resources;Media and News;Technology;,9.0,4.0,399.0,261.0,371.0,266.0,364.0,290.0,282.0,217.0,279.0,271.0,229.0,372.0,352.0,238.0,268.0
90,Male,8,4,1,8,Kin Mentee,,,,,,,,,,,,,,,,,,,,No,Legal;Real Estate;Pharmaceutical;,10.0,8.0,297.0,284.0,320.0,378.0,308.0,289.0,212.0,217.0,310.0,258.0,252.0,339.0,393.0,234.0,362.0
91,Male,1,7,7,8,Kin Mentee,,,,,,,,,,,,,,,,,,,,No,Finance;,9.0,5.0,268.0,302.0,324.0,270.0,359.0,251.0,212.0,277.0,357.0,230.0,385.0,250.0,227.0,229.0,388.0
92,No Preference,6,10,7,1,Kin Mentee,,,,,,,,,,,,,,,,,,,,No,Arts and Design;,6.0,10.0,220.0,243.0,272.0,306.0,289.0,395.0,214.0,248.0,382.0,307.0,260.0,253.0,277.0,245.0,327.0
93,Male,6,8,9,5,Kin Mentee,,,,,,,,,,,,,,,,,,,,Yes,Media and News;,7.0,1.0,203.0,310.0,363.0,209.0,256.0,343.0,349.0,337.0,372.0,265.0,263.0,329.0,253.0,215.0,353.0
94,Nonbinary/Fluid/Gender Queer,1,3,4,5,Kin Mentee,,,,,,,,,,,,,,,,,,,,No,Consulting;Aerospace;Nonprofit;Government;Finance;,6.0,5.0,387.0,333.0,377.0,201.0,272.0,371.0,269.0,339.0,271.0,259.0,382.0,273.0,207.0,210.0,225.0
95,No Preference,5,4,9,2,Kin Mentee,,,,,,,,,,,,,,,,,,,,No,Healthcare;Accounting;Arts and Design;Human Resources;Real Estate;,10.0,3.0,274.0,285.0,349.0,369.0,248.0,384.0,242.0,321.0,322.0,311.0,374.0,338.0,370.0,250.0,216.0
96,Female,9,3,6,3,Kin Mentee,,,,,,,,,,,,,,,,,,,,No,Healthcare;Technology;Finance;,5.0,4.0,309.0,335.0,278.0,296.0,373.0,207.0,384.0,389.0,340.0,272.0,374.0,208.0,390.0,236.0,274.0
97,Male,8,7,8,2,Kin Mentee,,,,,,,,,,,,,,,,,,,,Yes,Other;,4.0,1.0,317.0,262.0,385.0,228.0,397.0,238.0,244.0,254.0,240.0,286.0,370.0,359.0,223.0,215.0,270.0
98,No Preference,7,1,5,6,Kin Mentee,,,,,,,,,,,,,,,,,,,,Yes,Entrepreneurship;Arts and Design;,8.0,4.0,361.0,295.0,391.0,374.0,226.0,220.0,210.0,268.0,392.0,242.0,371.0,270.0,311.0,208.0,280.0
99,Male,5,4,6,7,Kin Mentee,,,,,,,,,,,,,,,,,,,,Yes,Other;Consulting;Agriculture;Technology;Real Estate;,7.0,8.0,278.0,300.0,308.0,263.0,211.0,359.0,311.0,291.0,246.0,242.0,272.0,349.0,222.0,227.0,375.0
100,Nonbinary/Fluid/Gender Queer,1,5,8,6,Kin Mentee,,,,,,,,,,,,,,,,,,,,No,Technology;Engineering;,3.0,2.0,298.0,300.0,355.0,207.0,244.0,377.0,328.0,309.0,337.0,203.0,266.0,315.0,214.0,228.0,341.0
101,Male,8,9,2,9,Kin Mentee,,,,,,,,,,,,,,,,,,,,No,Aerospace;Real Estate;Healthcare;Human Resources;,4.0,10.0,325.0,314.0,273.0,201.0,357.0,377.0,369.0,337.0,322.0,247.0,374.0,220.0,312.0,387.0,258.0
102,No Preference,8,3,7,2,Kin Mentee,,,,,,,,,,,,,,,,,,,,Yes,Engineering;Advertising/Marketing;Arts and Design;,7.0,2.0,218.0,322.0,366.0,394.0,231.0,215.0,299.0,294.0,350.0,266.0,330.0,310.0,311.0,222.0,380.0
103,Male,7,5,3,10,Kin Mentee,,,,,,,,,,,,,,,,,,,,Yes,Engineering;Finance;Agriculture;Education;Consulting;,5.0,4.0,380.0,264.0,362.0,319.0,325.0,343.0,389.0,381.0,229.0,298.0,293.0,249.0,230.0,337.0,217.0
104,Female,9,5,5,5,Kin Mentee,,,,,,,,,,,,,,,,,,,,No,Entrepreneurship;Government;Accounting;,2.0,10.0,216.0,283.0,248.0,360.0,238.0,350.0,335.0,361.0,256.0,234.0,250.0,222.0,220.0,217.0,324.0
105,Female,3,10,1,2,Kin Mentee,,,,,,,,,,,,,,,,,,,,No,Fashion;Education;Real Estate;,6.0,6.0,264.0,241.0,292.0,285.0,217.0,353.0,365.0,273.0,366.0,243.0,253.0,201.0,286.0,310.0,266.0
106,Female,4,10,3,6,Kin Mentee,,,,,,,,,,,,,,,,,,,,No,Legal;Technology;Food and Beverage;Government;Other;,2.0,10.0,205.0,300.0,345.0,293.0,264.0,304.0,270.0,383.0,376.0,375.0,382.0,210.0,360.0,260.0,269.0
107,Male,6,7,4,10,Kin Mentee,,,,,,,,,,,,,,,,,,,,Yes,Accounting;Healthcare;,3.0,6.0,303.0,206.0,383.0,349.0,351.0,229.0,201.0,367.0,318.0,389.0,398.0,245.0,225.0,317.0,284.0
108,No Preference,1,7,10,4,Kin Mentee,,,,,,,,,,,,,,,,,,,,No,Human Resources;Entertainment;Hospitality;Pharmaceutical;,6.0,5.0,317.0,343.0,210.0,340.0,338.0,383.0,283.0,223.0,239.0,344.0,267.0,378.0,201.0,371.0,285.0
109,Nonbinary/Fluid/Gender Queer,1,6,6,1,Kin Mentee,,,,,,,,,,,,,,,,,,,,Yes,Agriculture;Other;,5.0,1.0,259.0,276.0,345.0,258.0,232.0,244.0,217.0,363.0,273.0,298.0,210.0,254.0,316.0,346.0,257.0
110,No Preference,10,2,3,3,Kin Mentee,,,,,,,,,,,,,,,,,,,,Yes,Fashion;Agriculture;Legal;,7.0,6.0,297.0,306.0,236.0,307.0,303.0,318.0,326.0,296.0,339.0,218.0,372.0,239.0,343.0,370.0,351.0
111,Female,5,3,8,2,Kin Mentee,,,,,,,,,,,,,,,,,,,,No,Technology;Media and News;,2.0,8.0,343.0,349.0,264.0,329.0,211.0,362.0,279.0,320.0,224.0,298.0,260.0,285.0,200.0,355.0,326.0
112,Nonbinary/Fluid/Gender Queer,5,2,10,4,Kin Mentee,,,,,,,,,,,,,,,,,,,,Yes,Advertising/Marketing;Media and News;Pharmaceutical;,2.0,10.0,340.0,268.0,316.0,207.0,327.0,308.0,345.0,319.0,206.0,223.0,381.0,233.0,375.0,270.0,395.0
113,Female,3,4,8,8,Kin Mentee,,,,,,,,,,,,,,,,,,,,Yes,Legal;,9.0,3.0,210.0,264.0,225.0,261.0,290.0,344.0,348.0,359.0,287.0,320.0,267.0,331.0,220.0,265.0,268.0
114,Female,4,8,6,9,Kin Mentee,,,,,,,,,,,,,,,,,,,,Yes,Accounting;Consulting;,1.0,9.0,286.0,350.0,327.0,213.0,309.0,318.0,208.0,211.0,332.0,314.0,304.0,348.0,296.0,352.0,243.0
115,Male,6,10,8,10,Kin Mentee,,,,,,,,,,,,,,,,,,,,Yes,Agriculture;Technology;,7.0,3.0,210.0,283.0,288.0,202.0,356.0,311.0,213.0,394.0,308.0,299.0,275.0,381.0,266.0,284.0,285.0
116,Female,5,7,3,3,Kin Mentee,,,,,,,,,,,,,,,,,,,,Yes,Entertainment;Agriculture;Government;Education;,4.0,6.0,233.0,338.0,285.0,317.0,376.0,295.0,231.0,269.0,264.0,392.0,287.0,355.0,242.0,336.0,379.0
117,Male,9,8,9,8,Kin Mentee,,,,,,,,,,,,,,,,,,,,Yes,Legal;Real Estate;Government;,1.0,10.0,208.0,236.0,276.0,233.0,247.0,332.0,294.0,389.0,393.0,304.0,396.0,322.0,371.0,391.0,273.0
118,No Preference,3,3,2,1,Kin Mentee,,,,,,,,,,,,,,,,,,,,Yes,Other;,5.0,9.0,291.0,266.0,208.0,260.0,243.0,222.0,280.0,206.0,301.0,299.0,224.0,288.0,202.0,306.0,387.0
119,Nonbinary/Fluid/Gender Queer,3,5,6,10,Kin Mentee,,,,,,,,,,,,,,,,,,,,Yes,Engineering;Fashion;Entrepreneurship;Consulting;Other;,3.0,3.0,294.0,306.0,389.0,366.0,235.0,241.0,262.0,331.0,353.0,384.0,287.0,270.0,300.0,362.0,367.0
120,No Preference,1,1,9,6,Kin Mentee,,,,,,,,,,,,,,,,,,,,No,Entertainment;,4.0,8.0,363.0,203.0,300.0,354.0,222.0,368.0,372.0,371.0,241.0,365.0,323.0,228.0,200.0,322.0,397.0
121,Male,7,2,8,5,Kin Mentee,,,,,,,,,,,,,,,,,,,,Yes,Aerospace;Entertainment;Arts and Design;Media and News;,10.0,1.0,204.0,386.0,240.0,329.0,256.0,346.0,365.0,376.0,259.0,303.0,313.0,380.0,225.0,391.0,388.0
122,Female,7,9,1,4,Kin Mentee,,,,,,,,,,,,,,,,,,,,Yes,Aerospace;Government;Advertising/Marketing;Engineering;Human Resources;,2.0,10.0,274.0,255.0,264.0,301.0,251.0,298.0,249.0,370.0,318.0,387.0,326.0,374.0,291.0,297.0,392.0
123,Nonbinary/Fluid/Gender Queer,1,5,4,6,Kin Mentee,,,,,,,,,,,,,,,,,,,,Yes,Arts and Design;Advertising/Marketing;Pharmaceutical;,10.0,7.0,288.0,321.0,344.0,254.0,347.0,250.0,230.0,376.0,389.0,355.0,218.0,220.0,394.0,388.0,222.0
124,Nonbinary/Fluid/Gender Queer,6,9,9,1,Kin Mentee,,,,,,,,,,,,,,,,,,,,No,Accounting;Legal;Technology;,2.0,4.0,263.0,202.0,299.0,210.0,273.0,344.0,249.0,292.0,295.0,286.0,375.0,387.0,315.0,297.0,258.0
125,Nonbinary/Fluid/Gender Queer,2,2,3,3,Kin Mentee,,,,,,,,,,,,,,,,,,,,No,Entrepreneurship;Food and Beverage;Legal;Engineering;Technology;,4.0,7.0,264.0,282.0,335.0,265.0,203.0,304.0,327.0,343.0,354.0,382.0,309.0,359.0,384.0,353.0,340.0
126,Male,7,1,8,4,Kin Mentee,,,,,,,,,,,,,,,,,,,,Yes,Accounting;Aerospace;Agriculture;Hospitality;,8.0,10.0,378.0,249.0,360.0,351.0,205.0,343.0,344.0,218.0,240.0,237.0,362.0,259.0,355.0,293.0,201.0
127,No Preference,2,4,7,6,Kin Mentee,,,,,,,,,,,,,,,,,,,,No,Healthcare;Nonprofit;Government;Fashion;Consulting;,4.0,8.0,367.0,269.0,350.0,297.0,232.0,392.0,387.0,391.0,236.0,344.0,303.0,308.0,332.0,381.0,265.0
128,No Preference,7,3,4,7,Kin Mentee,,,,,,,,,,,,,,,,,,,,Yes,Finance;Accounting;Hospitality;,4.0,6.0,329.0,379.0,293.0,244.0,236.0,313.0,392.0,315.0,324.0,348.0,289.0,241.0,215.0,226.0,292.0
129,Male,3,6,3,3,Kin Mentee,,,,,,,,,,,,,,,,,,,,Yes,Media and News;Hospitality;,8.0,6.0,230.0,241.0,275.0,380.0,339.0,240.0,262.0,347.0,318.0,258.0,287.0,391.0,371.0,334.0,277.0
130,Female,2,10,4,7,Kin Mentee,,,,,,,,,,,,,,,,,,,,Yes,Pharmaceutical;Engineering;,2.0,4.0,270.0,319.0,391.0,240.0,322.0,259.0,305.0,291.0,246.0,213.0,334.0,336.0,351.0,290.0,288.0
131,Female,5,5,6,8,Kin Mentee,,,,,,,,,,,,,,,,,,,,No,Real Estate;Agriculture;Food and Beverage;,8.0,10.0,302.0,340.0,248.0,236.0,246.0,227.0,371.0,313.0,239.0,346.0,384.0,259.0,314.0,251.0,320.0
132,Nonbinary/Fluid/Gender Queer,3,10,9,6,Kin Mentee,,,,,,,,,,,,,,,,,,,,Yes,Finance;Hospitality;Human Resources;Advertising/Marketing;Engineering;,3.0,7.0,200.0,365.0,377.0,246.0,390.0,304.0,283.0,284.0,266.0,399.0,380.0,214.0,239.0,269.0,353.0
133,No Preference,5,7,3,1,Kin Mentee,,,,,,,,,,,,,,,,,,,,Yes,Media and News;,9.0,1.0,255.0,392.0,327.0,207.0,399.0,379.0,214.0,316.0,286.0,288.0,350.0,320.0,341.0,232.0,357.0
134,Male,1,10,5,10,Kin Mentee,,,,,,,,,,,,,,,,,,,,Yes,Education;Engineering;,10.0,8.0,283.0,332.0,373.0,346.0,299.0,349.0,320.0,247.0,266.0,280.0,274.0,219.0,361.0,355.0,215.0
135,Nonbinary/Fluid/Gender Queer,10,3,5,9,Kin Mentee,,,,,,,,,,,,,,,,,,,,No,Entrepreneurship;Agriculture;Food and Beverage;Real Estate;,3.0,9.0,397.0,304.0,256.0,292.0,324.0,391.0,392.0,390.0,375.0,313.0,203.0,288.0,322.0,240.0,309.0
136,No Preference,8,10,7,1,Kin Mentee,,,,,,,,,,,,,,,,,,,,No,Real Estate;Arts and Design;,4.0,10.0,238.0,316.0,267.0,240.0,288.0,318.0,314.0,273.0,263.0,253.0,209.0,245.0,270.0,241.0,370.0
137,Male,6,2,9,2,Kin Mentee,,,,,,,,,,,,,,,,,,,,Yes,Legal;Real Estate;,10.0,2.0,381.0,256.0,383.0,207.0,389.0,365.0,375.0,376.0,301.0,371.0,386.0,334.0,236.0,252.0,344.0
138,Nonbinary/Fluid/Gender Queer,10,10,9,6,Kin Mentee,,,,,,,,,,,,,,,,,,,,No,Pharmaceutical;Human Resources;Other;Agriculture;,1.0,6.0,256.0,374.0,323.0,253.0,389.0,268.0,234.0,370.0,331.0,335.0,205.0,399.0,210.0,229.0,220.0
139,Male,10,10,9,9,Kin Mentee,,,,,,,,,,,,,,,,,,,,No,Technology;Healthcare;Hospitality;Finance;Media and News;,7.0,9.0,354.0,364.0,249.0,360.0,310.0,205.0,369.0,240.0,292.0,304.0,301.0,368.0,211.0,387.0,397.0
140,No Preference,5,7,1,5,Kin Mentee,,,,,,,,,,,,,,,,,,,,No,Agriculture;Media and News;Advertising/Marketing;,10.0,8.0,233.0,210.0,381.0,290.0,291.0,292.0,250.0,356.0,270.0,235.0,339.0,330.0,366.0,333.0,285.0
141,Female,2,7,1,1,Kin Mentee,,,,,,,,,,,,,,,,,,,,No,Real Estate;Arts and Design;Other;Media and News;,7.0,8.0,342.0,238.0,225.0,254.0,308.0,320.0,211.0,233.0,207.0,388.0,375.0,247.0,366.0,204.0,343.0
142,Male,6,9,9,3,Kin Mentee,,,,,,,,,,,,,,,,,,,,No,Consulting;Engineering;Legal;Pharmaceutical;Nonprofit;,8.0,10.0,365.0,281.0,324.0,318.0,212.0,364.0,284.0,254.0,298.0,311.0,247.0,241.0,321.0,352.0,240.0
143,Female,4,1,10,1,Kin Mentee,,,,,,,,,,,,,,,,,,,,No,Media and News;Legal;Entertainment;Engineering;,4.0,4.0,384.0,323.0,221.0,297.0,272.0,398.0,258.0,303.0,224.0,280.0,300.0,393.0,274.0,313.0,361.0
144,Nonbinary/Fluid/Gender Queer,4,6,4,7,Kin Mentee,,,,,,,,,,,,,,,,,,,,Yes,Technology;Aerospace;Finance;Human Resources;,2.0,5.0,219.0,225.0,283.0,256.0,222.0,233.0,298.0,284.0,346.0,347.0,320.0,257.0,245.0,319.0,244.0
145,Nonbinary/Fluid/Gender Queer,4,5,9,10,Kin Mentee,,,,,,,,,,,,,,,,,,,,Yes,Hospitality;Real Estate;Finance;,4.0,6.0,353.0,320.0,283.0,259.0,375.0,202.0,224.0,230.0,258.0,380.0,357.0,205.0,348.0,262.0,300.0
146,No Preference,5,8,8,8,Kin Mentee,,,,,,,,,,,,,,,,,,,,Yes,Arts and Design;Other;Entrepreneurship;Finance;Consulting;,3.0,9.0,269.0,339.0,284.0,232.0,332.0,266.0,247.0,212.0,285.0,276.0,242.0,259.0,326.0,226.0,396.0
147,No Preference,10,6,4,1,Kin Mentee,,,,,,,,,,,,,,,,,,,,Yes,Food and Beverage;,5.0,8.0,277.0,241.0,372.0,342.0,263.0,319.0,354.0,380.0,361.0,312.0,238.0,273.0,207.0,290.0,321.0
148,Nonbinary/Fluid/Gender Queer,5,7,4,4,Kin Mentee,,,,,,,,,,,,,,,,,,,,No,Aerospace;,3.0,2.0,275.0,241.0,202.0,244.0,337.0,372.0,380.0,375.0,253.0,344.0,328.0,229.0,334.0,313.0,230.0
149,Male,4,5,6,8,Kin Mentee,,,,,,,,,,,,,,,,,,,,No,Finance;Real Estate;Entrepreneurship;,10.0,4.0,295.0,271.0,370.0,339.0,343.0,353.0,320.0,297.0,229.0,317.0,309.0,367.0,252.0,399.0,281.0
150,No Preference,1,4,6,1,Kin Mentee,,,,,,,,,,,,,,,,,,,,No,Entrepreneurship;,6.0,10.0,254.0,270.0,396.0,263.0,233.0,327.0,378.0,328.0,380.0,244.0,316.0,201.0,290.0,315.0,205.0
151,Nonbinary/Fluid/Gender Queer,2,6,9,10,Kin Mentee,,,,,,,,,,,,,,,,,,,,Yes,Food and Beverage;Technology;Aerospace;,6.0,3.0,328.0,367.0,364.0,252.0,393.0,314.0,339.0,278.0,289.0,389.0,334.0,387.0,243.0,283.0,355.0
152,No Preference,7,2,10,3,Kin Mentee,,,,,,,,,,,,,,,,,,,,Yes,Aerospace;Fashion;Advertising/Marketing;Engineering;Consulting;,10.0,8.0,386.0,216.0,251.0,399.0,312.0,393.0,359.0,298.0,339.0,334.0,369.0,236.0,214.0,249.0,242.0
153,Male,3,1,9,4,Kin Mentee,,,,,,,,,,,,,,,,,,,,No,Entertainment;Accounting;,1.0,1.0,374.0,204.0,239.0,201.0,384.0,244.0,276.0,390.0,249.0,382.0,291.0,312.0,270.0,217.0,225.0
154,Male,2,5,7,4,Kin Mentee,,,,,,,,,,,,,,,,,,,,No,Fashion;Entertainment;Food and Beverage;,10.0,7.0,264.0,354.0,324.0,300.0,237.0,242.0,350.0,309.0,396.0,205.0,258.0,220.0,393.0,356.0,314.0
155,Nonbinary/Fluid/Gender Queer,2,7,9,8,Kin Mentee,,,,,,,,,,,,,,,,,,,,Yes,Entertainment;,10.0,2.0,262.0,238.0,215.0,300.0,294.0,350.0,354.0,330.0,320.0,338.0,388.0,229.0,326.0,357.0,203.0
156,Male,10,3,4,7,Kin Mentee,,,,,,,,,,,,,,,,,,,,Yes,Arts and Design;Fashion;Agriculture;Technology;Government;,4.0,4.0,339.0,247.0,245.0,282.0,271.0,221.0,333.0,237.0,338.0,235.0,251.0,284.0,348.0,387.0,328.0
157,Nonbinary/Fluid/Gender Queer,8,3,6,9,Kin Mentee,,,,,,,,,,,,,,,,,,,,Yes,Government;Food and Beverage;Agriculture;Entertainment;Real Estate;,7.0,4.0,334.0,347.0,355.0,245.0,394.0,363.0,253.0,203.0,236.0,246.0,346.0,293.0,341.0,207.0,235.0
158,No Preference,6,6,3,1,Kin Mentee,,,,,,,,,,,,,,,,,,,,Yes,Entertainment;Healthcare;,10.0,8.0,229.0,223.0,319.0,201.0,228.0,357.0,237.0,271.0,205.0,322.0,340.0,317.0,320.0,269.0,268.0
159,Female,6,8,7,3,Kin Mentee,,,,,,,,,,,,,,,,,,,,Yes,Food and Beverage;Media and News;Real Estate;,7.0,3.0,219.0,200.0,326.0,335.0,289.0,229.0,354.0,333.0,390.0,349.0,213.0,336.0,383.0,388.0,399.0
160,Nonbinary/Fluid/Gender Queer,3,4,10,5,Kin Mentee,,,,,,,,,,,,,,,,,,,,No,Food and Beverage;Healthcare;Human Resources;Fashion;Entertainment;,7.0,1.0,237.0,221.0,341.0,272.0,323.0,203.0,354.0,378.0,313.0,211.0,387.0,337.0,274.0,277.0,320.0
161,Nonbinary/Fluid/Gender Queer,7,7,6,1,Kin Mentee,,,,,,,,,,,,,,,,,,,,Yes,Engineering;Consulting;Media and News;Arts and Design;Education;,5.0,2.0,355.0,352.0,297.0,396.0,287.0,207.0,332.0,295.0,318.0,221.0,367.0,267.0,346.0,238.0,222.0
162,Female,9,5,5,3,Kin Mentee,,,,,,,,,,,,,,,,,,,,Yes,Human Resources;Pharmaceutical;Food and Beverage;Technology;Entrepreneurship;,5.0,3.0,238.0,343.0,366.0,284.0,247.0,306.0,326.0,269.0,325.0,375.0,283.0,299.0,380.0,215.0,363.0
163,Male,6,7,9,2,Kin Mentee,,,,,,,,,,,,,,,,,,,,No,Legal;Entertainment;Food and Beverage;Healthcare;,9.0,7.0,387.0,343.0,209.0,396.0,399.0,347.0,345.0,312.0,371.0,301.0,231.0,372.0,378.0,250.0,204.0
164,Nonbinary/Fluid/Gender Queer,8,8,9,1,Kin Mentee,,,,,,,,,,,,,,,,,,,,Yes,Arts and Design;Education;Advertising/Marketing;Nonprofit;,2.0,4.0,365.0,366.0,361.0,390.0,397.0,355.0,277.0,302.0,327.0,337.0,210.0,291.0,293.0,266.0,249.0
165,Male,6,9,1,7,Kin Mentee,,,,,,,,,,,,,,,,,,,,Yes,Fashion;Other;Arts and Design;Human Resources;Food and Beverage;,2.0,4.0,329.0,349.0,206.0,370.0,332.0,301.0,244.0,200.0,209.0,271.0,226.0,363.0,316.0,292.0,254.0
166,Female,3,9,8,3,Kin Mentee,,,,,,,,,,,,,,,,,,,,No,Advertising/Marketing;,7.0,5.0,381.0,221.0,302.0,372.0,275.0,339.0,280.0,281.0,239.0,273.0,323.0,289.0,347.0,238.0,384.0
167,Female,3,9,3,5,Kin Mentee,,,,,,,,,,,,,,,,,,,,Yes,Education;Nonprofit;Accounting;Arts and Design;,10.0,4.0,261.0,201.0,388.0,358.0,391.0,259.0,368.0,381.0,348.0,382.0,384.0,366.0,295.0,397.0,254.0
168,Male,6,10,7,7,Kin Mentee,,,,,,,,,,,,,,,,,,,,Yes,Media and News;,7.0,8.0,329.0,337.0,374.0,249.0,340.0,283.0,308.0,226.0,242.0,321.0,286.0,220.0,240.0,341.0,334.0
169,No Preference,2,3,2,3,Kin Mentee,,,,,,,,,,,,,,,,,,,,Yes,Pharmaceutical;Arts and Design;Government;Agriculture;Engineering;,9.0,4.0,248.0,287.0,311.0,351.0,269.0,385.0,244.0,202.0,339.0,263.0,250.0,210.0,227.0,357.0,262.0
170,Female,1,6,8,9,Kin Mentee,,,,,,,,,,,,,,,,,,,,No,Arts and Design;,3.0,6.0,297.0,318.0,332.0,382.0,283.0,287.0,354.0,397.0,330.0,337.0,215.0,301.0,341.0,236.0,349.0
171,Male,6,7,7,4,Kin Mentee,,,,,,,,,,,,,,,,,,,,Yes,Accounting;Pharmaceutical;Food and Beverage;Fashion;Technology;,9.0,2.0,344.0,211.0,287.0,241.0,319.0,219.0,334.0,303.0,205.0,394.0,280.0,279.0,285.0,242.0,234.0
172,Male,4,10,8,1,Kin Mentee,,,,,,,,,,,,,,,,,,,,No,Advertising/Marketing;Media and News;Government;,7.0,6.0,292.0,317.0,284.0,398.0,334.0,378.0,241.0,371.0,206.0,237.0,324.0,309.0,294.0,303.0,394.0
173,Female,8,6,5,6,Kin Mentee,,,,,,,,,,,,,,,,,,,,No,Entrepreneurship;Agriculture;Government;Other;Technology;,7.0,2.0,353.0,372.0,356.0,381.0,366.0,214.0,334.0,373.0,337.0,361.0,322.0,363.0,331.0,277.0,284.0
174,Nonbinary/Fluid/Gender Queer,2,9,10,3,Kin Mentee,,,,,,,,,,,,,,,,,,,,Yes,Fashion;,5.0,2.0,298.0,394.0,342.0,299.0,355.0,306.0,373.0,391.0,326.0,211.0,382.0,392.0,237.0,370.0,308.0
175,No Preference,5,1,7,6,Kin Mentee,,,,,,,,,,,,,,,,,,,,Yes,Government;Advertising/Marketing;Other;Healthcare;,6.0,5.0,287.0,335.0,200.0,355.0,390.0,332.0,345.0,397.0,257.0,294.0,399.0,353.0,371.0,319.0,328.0
176,Male,10,5,3,6,Kin Mentee,,,,,,,,,,,,,,,,,,,,Yes,Arts and Design;Technology;Government;Human Resources;Accounting;,1.0,7.0,243.0,273.0,203.0,322.0,250.0,332.0,279.0,320.0,388.0,342.0,392.0,350.0,264.0,266.0,235.0
177,Nonbinary/Fluid/Gender Queer,3,6,8,10,Kin Mentee,,,,,,,,,,,,,,,,,,,,Yes,Other;Accounting;Entertainment;Advertising/Marketing;,1.0,2.0,224.0,381.0,339.0,352.0,239.0,299.0,306.0,396.0,262.0,225.0,325.0,231.0,241.0,238.0,287.0
178,Female,4,8,3,5,Kin Mentee,,,,,,,,,,,,,,,,,,,,Yes,Other;,10.0,3.0,370.0,368.0,227.0,394.0,264.0,228.0,384.0,208.0,262.0,261.0,248.0,321.0,339.0,290.0,237.0
179,No Preference,6,8,3,8,Kin Mentee,,,,,,,,,,,,,,,,,,,,Yes,Other;Human Resources;Nonprofit;,2.0,10.0,396.0,368.0,388.0,337.0,358.0,308.0,355.0,335.0,229.0,240.0,379.0,200.0,351.0,318.0,306.0
180,Nonbinary/Fluid/Gender Queer,10,3,2,8,Kin Mentee,,,,,,,,,,,,,,,,,,,,Yes,Food and Beverage;Human Resources;Other;Healthcare;,2.0,8.0,249.0,246.0,381.0,391.0,363.0,383.0,344.0,393.0,349.0,394.0,222.0,295.0,220.0,373.0,289.0
181,Nonbinary/Fluid/Gender Queer,3,6,4,4,Kin Mentee,,,,,,,,,,,,,,,,,,,,Yes,Hospitality;Entrepreneurship;Education;Arts and Design;,2.0,7.0,299.0,257.0,216.0,339.0,307.0,346.0,234.0,221.0,284.0,331.0,369.0,235.0,322.0,231.0,215.0
182,Female,4,4,9,9,Kin Mentee,,,,,,,,,,,,,,,,,,,,Yes,Advertising/Marketing;Fashion;,8.0,6.0,227.0,253.0,370.0,362.0,375.0,287.0,273.0,263.0,352.0,398.0,200.0,390.0,320.0,301.0,303.0
183,Male,8,9,5,5,Kin Mentee,,,,,,,,,,,,,,,,,,,,No,Government;,9.0,10.0,222.0,276.0,252.0,201.0,241.0,339.0,253.0,270.0,279.0,358.0,314.0,295.0,356.0,307.0,308.0
184,Male,5,4,2,10,Kin Mentee,,,,,,,,,,,,,,,,,,,,Yes,Entrepreneurship;Nonprofit;Fashion;Agriculture;,7.0,6.0,393.0,372.0,232.0,274.0,275.0,220.0,335.0,273.0,388.0,266.0,269.0,213.0,267.0,291.0,288.0
185,Nonbinary/Fluid/Gender Queer,9,3,3,6,Kin Mentee,,,,,,,,,,,,,,,,,,,,No,Government;Entrepreneurship;Aerospace;Entertainment;Agriculture;,1.0,3.0,368.0,278.0,232.0,300.0,240.0,255.0,288.0,284.0,247.0,206.0,380.0,272.0,395.0,375.0,355.0
186,Male,10,5,5,8,Kin Mentee,,,,,,,,,,,,,,,,,,,,No,Entertainment;Nonprofit;Government;,8.0,1.0,276.0,386.0,208.0,278.0,350.0,334.0,231.0,306.0,286.0,265.0,312.0,333.0,360.0,366.0,324.0
187,Male,5,6,8,9,Kin Mentee,,,,,,,,,,,,,,,,,,,,No,Fashion;Entrepreneurship;Technology;Advertising/Marketing;Nonprofit;,5.0,2.0,306.0,277.0,239.0,228.0,324.0,255.0,317.0,252.0,322.0,270.0,358.0,287.0,345.0,298.0,278.0
188,Female,4,9,9,9,Kin Mentee,,,,,,,,,,,,,,,,,,,,No,Accounting;Fashion;,10.0,8.0,243.0,328.0,395.0,348.0,360.0,260.0,295.0,299.0,308.0,327.0,222.0,276.0,358.0,252.0,226.0
189,No Preference,4,10,10,4,Kin Mentee,,,,,,,,,,,,,,,,,,,,Yes,Real Estate;Accounting;,5.0,2.0,365.0,305.0,399.0,326.0,285.0,371.0,209.0,254.0,325.0,282.0,354.0,212.0,283.0,319.0,274.0
190,Male,8,6,9,1,Kin Mentee,,,,,,,,,,,,,,,,,,,,No,Real Estate;Legal;Government;Education;,8.0,1.0,229.0,261.0,282.0,319.0,370.0,246.0,281.0,225.0,202.0,336.0,272.0,378.0,344.0,217.0,213.0
191,Nonbinary/Fluid/Gender Queer,5,10,9,3,Kin Mentee,,,,,,,,,,,,,,,,,,,,No,Other;,5.0,5.0,246.0,228.0,306.0,270.0,295.0,244.0,297.0,216.0,234.0,255.0,204.0,313.0,300.0,258.0,378.0
192,Male,7,1,9,1,Kin Mentee,,,,,,,,,,,,,,,,,,,,Yes,Media and News;Hospitality;Government;Other;Fashion;,7.0,8.0,294.0,221.0,230.0,282.0,247.0,252.0,270.0,330.0,288.0,243.0,397.0,235.0,361.0,250.0,228.0
193,Male,4,5,10,8,Kin Mentee,,,,,,,,,,,,,,,,,,,,Yes,Entertainment;Engineering;Entrepreneurship;Other;,10.0,8.0,299.0,306.0,223.0,241.0,386.0,304.0,381.0,387.0,321.0,201.0,222.0,305.0,364.0,286.0,356.0
194,Male,10,5,10,6,Kin Mentee,,,,,,,,,,,,,,,,,,,,Yes,Hospitality;Technology;Consulting;Entertainment;,5.0,7.0,238.0,229.0,235.0,211.0,337.0,219.0,231.0,327.0,234.0,335.0,201.0,212.0,309.0,382.0,263.0
195,Female,5,1,6,6,Kin Mentee,,,,,,,,,,,,,,,,,,,,Yes,Human Resources;,7.0,5.0,396.0,330.0,263.0,203.0,319.0,394.0,391.0,234.0,254.0,225.0,235.0,262.0,387.0,290.0,229.0
196,Nonbinary/Fluid/Gender Queer,4,7,10,2,Kin Mentee,,,,,,,,,,,,,,,,,,,,No,Government;Agriculture;Hospitality;,2.0,3.0,341.0,240.0,235.0,265.0,383.0,353.0,248.0,278.0,326.0,247.0,347.0,322.0,213.0,399.0,229.0
197,No Preference,7,7,10,7,Kin Mentee,,,,,,,,,,,,,,,,,,,,No,Hospitality;,7.0,10.0,388.0,359.0,345.0,218.0,262.0,358.0,225.0,267.0,268.0,299.0,357.0,381.0,253.0,292.0,271.0
198,Female,1,9,8,4,Kin Mentee,,,,,,,,,,,,,,,,,,,,Yes,Consulting;,7.0,6.0,309.0,398.0,237.0,342.0,262.0,367.0,378.0,270.0,318.0,256.0,206.0,335.0,271.0,385.0,352.0
199,Nonbinary/Fluid/Gender Queer,7,6,9,9,Kin Mentee,,,,,,,,,,,,,,,,,,,,Yes,Engineering;Arts and Design;Media and News;Human Resources;Government;,9.0,6.0,263.0,377.0,232.0,204.0,203.0,266.0,385.0,278.0,272.0,337.0,348.0,212.0,273.0,364.0,352.0
200,Male,6,7,3,1,Kin Mentee,Yes,Fashion;Entrepreneurship;Nonprofit;Human Resources;,10.0,3.0,168.0,181.0,194.0,59.0,97.0,105.0,24.0,137.0,172.0,147.0,189.0,9.0,192.0,145.0,134.0,,,,,,,,,,,,,,,,,,,
201,Male,2,1,10,3,Kin Mentee,Yes,Education;Consulting;,8.0,4.0,5.0,31.0,140.0,0.0,57.0,137.0,120.0,92.0,75.0,175.0,40.0,19.0,108.0,46.0,63.0,,,,,,,,,,,,,,,,,,,
202,No Preference,9,7,4,10,Kin Mentee,Yes,Government;Finance;,2.0,9.0,15.0,186.0,33.0,89.0,135.0,96.0,161.0,115.0,38.0,106.0,53.0,1.0,31.0,174.0,142.0,,,,,,,,,,,,,,,,,,,
203,Nonbinary/Fluid/Gender Queer,3,2,5,8,Kin Mentee,Yes,Consulting;,6.0,6.0,68.0,188.0,192.0,10.0,176.0,197.0,59.0,52.0,145.0,131.0,148.0,101.0,128.0,33.0,199.0,,,,,,,,,,,,,,,,,,,
204,Female,3,8,5,8,Kin Mentee,Yes,Real Estate;Fashion;Human Resources;,2.0,8.0,117.0,181.0,108.0,17.0,140.0,96.0,142.0,170.0,0.0,62.0,158.0,162.0,160.0,94.0,126.0,,,,,,,,,,,,,,,,,,,
205,Nonbinary/Fluid/Gender Queer,7,1,3,2,Kin Mentee,No,Human Resources;Technology;Real Estate;Pharmaceutical;Finance;,8.0,2.0,192.0,131.0,181.0,154.0,69.0,139.0,65.0,116.0,162.0,41.0,26.0,104.0,16.0,20.0,88.0,,,,,,,,,,,,,,,,,,,
206,Male,2,6,10,6,Kin Mentee,No,Agriculture;,6.0,2.0,96.0,57.0,155.0,13.0,145.0,89.0,81.0,116.0,16.0,38.0,151.0,188.0,159.0,94.0,120.0,,,,,,,,,,,,,,,,,,,
207,No Preference,1,3,7,8,Kin Mentee,Yes,Aerospace;Consulting;Real Estate;Entertainment;,2.0,9.0,99.0,132.0,116.0,197.0,124.0,36.0,86.0,47.0,121.0,171.0,150.0,141.0,64.0,74.0,127.0,,,,,,,,,,,,,,,,,,,
208,Nonbinary/Fluid/Gender Queer,2,3,3,3,Kin Mentee,Yes,Food and Beverage;Education;,1.0,2.0,182.0,4.0,128.0,196.0,22.0,118.0,191.0,123.0,153.0,74.0,165.0,115.0,32.0,59.0,29.0,,,,,,,,,,,,,,,,,,,
209,Nonbinary/Fluid/Gender Queer,7,5,9,2,Kin Mentee,Yes,Human Resources;,2.0,4.0,69.0,177.0,129.0,174.0,43.0,42.0,171.0,71.0,124.0,197.0,114.0,105.0,83.0,186.0,50.0,,,,,,,,,,,,,,,,,,,
210,No Preference,8,2,7,10,Kin Mentee,No,Media and News;,1.0,3.0,117.0,79.0,120.0,61.0,82.0,180.0,166.0,58.0,69.0,109.0,148.0,50.0,154.0,0.0,114.0,,,,,,,,,,,,,,,,,,,
211,Nonbinary/Fluid/Gender Queer,8,4,9,2,Kin Mentee,No,Food and Beverage;Advertising/Marketing;Arts and Design;,1.0,5.0,72.0,86.0,35.0,150.0,175.0,83.0,142.0,75.0,55.0,169.0,192.0,181.0,63.0,47.0,17.0,,,,,,,,,,,,,,,,,,,
212,Male,6,10,5,1,Kin Mentee,No,Legal;Consulting;Engineering;Education;,7.0,7.0,0.0,35.0,79.0,146.0,19.0,82.0,18.0,57.0,177.0,186.0,136.0,74.0,14.0,94.0,154.0,,,,,,,,,,,,,,,,,,,
213,No Preference,6,8,5,2,Kin Mentee,Yes,Finance;Entrepreneurship;Government;,3.0,10.0,160.0,20.0,16.0,167.0,148.0,105.0,54.0,59.0,60.0,137.0,186.0,99.0,121.0,3.0,10.0,,,,,,,,,,,,,,,,,,,
214,Male,5,1,5,10,Kin Mentee,No,Real Estate;Finance;Entrepreneurship;Accounting;,2.0,9.0,62.0,145.0,39.0,48.0,110.0,160.0,111.0,38.0,147.0,103.0,122.0,29.0,97.0,45.0,169.0,,,,,,,,,,,,,,,,,,,
215,Male,7,9,5,10,Kin Mentee,No,Arts and Design;Fashion;Advertising/Marketing;Real Estate;,4.0,4.0,183.0,73.0,135.0,117.0,165.0,125.0,115.0,77.0,181.0,59.0,172.0,87.0,36.0,154.0,42.0,,,,,,,,,,,,,,,,,,,
216,No Preference,9,6,10,8,Kin Mentee,No,Entrepreneurship;Government;Pharmaceutical;Food and Beverage;Legal;,10.0,8.0,143.0,130.0,108.0,34.0,70.0,5.0,186.0,180.0,50.0,37.0,68.0,147.0,135.0,73.0,35.0,,,,,,,,,,,,,,,,,,,
217,No Preference,4,2,8,5,Kin Mentee,No,Government;Entertainment;,8.0,8.0,177.0,63.0,46.0,101.0,126.0,94.0,99.0,193.0,194.0,151.0,88.0,56.0,183.0,106.0,91.0,,,,,,,,,,,,,,,,,,,
218,Female,1,2,8,2,Kin Mentee,No,Nonprofit;Advertising/Marketing;Entrepreneurship;Legal;Hospitality;,2.0,2.0,180.0,190.0,119.0,72.0,149.0,18.0,52.0,111.0,141.0,12.0,139.0,194.0,88.0,145.0,74.0,,,,,,,,,,,,,,,,,,,
219,Female,2,5,4,10,Kin Mentee,Yes,Government;Legal;Finance;Agriculture;,4.0,7.0,33.0,61.0,157.0,177.0,176.0,64.0,128.0,159.0,198.0,86.0,194.0,149.0,15.0,30.0,82.0,,,,,,,,,,,,,,,,,,,
220,Nonbinary/Fluid/Gender Queer,4,9,3,10,Kin Mentee,Yes,Media and News;Entrepreneurship;Accounting;,10.0,7.0,119.0,26.0,28.0,155.0,93.0,111.0,148.0,167.0,96.0,52.0,40.0,55.0,49.0,199.0,95.0,,,,,,,,,,,,,,,,,,,
221,Female,3,5,2,5,Kin Mentee,No,Technology;Entertainment;Fashion;Healthcare;Legal;,7.0,8.0,23.0,186.0,176.0,75.0,26.0,51.0,117.0,120.0,28.0,127.0,86.0,12.0,7.0,140.0,85.0,,,,,,,,,,,,,,,,,,,
222,No Preference,3,5,6,3,Kin Mentee,Yes,Hospitality;,8.0,7.0,179.0,69.0,113.0,102.0,152.0,98.0,33.0,26.0,155.0,35.0,123.0,46.0,15.0,192.0,82.0,,,,,,,,,,,,,,,,,,,
223,No Preference,10,5,2,3,Kin Mentee,Yes,Healthcare;Accounting;Government;Consulting;Pharmaceutical;,9.0,3.0,32.0,159.0,63.0,123.0,166.0,30.0,17.0,58.0,33.0,182.0,173.0,199.0,135.0,53.0,25.0,,,,,,,,,,,,,,,,,,,
224,Female,10,7,10,5,Kin Mentee,Yes,Real Estate;,1.0,2.0,85.0,188.0,11.0,162.0,78.0,38.0,197.0,91.0,3.0,156.0,139.0,27.0,42.0,155.0,22.0,,,,,,,,,,,,,,,,,,,
225,Nonbinary/Fluid/Gender Queer,8,2,7,9,Kin Mentee,No,Entrepreneurship;Real Estate;,3.0,7.0,192.0,91.0,4.0,183.0,33.0,146.0,40.0,87.0,2.0,166.0,49.0,132.0,159.0,147.0,6.0,,,,,,,,,,,,,,,,,,,
226,Female,4,8,10,9,Kin Mentee,Yes,Entertainment;Finance;Other;,3.0,1.0,93.0,179.0,73.0,91.0,46.0,176.0,29.0,24.0,147.0,177.0,116.0,90.0,161.0,165.0,115.0,,,,,,,,,,,,,,,,,,,
227,Nonbinary/Fluid/Gender Queer,6,8,2,2,Kin Mentee,Yes,Government;Nonprofit;,10.0,7.0,101.0,130.0,172.0,62.0,12.0,149.0,41.0,163.0,188.0,159.0,144.0,3.0,185.0,168.0,143.0,,,,,,,,,,,,,,,,,,,
228,Male,5,3,1,9,Kin Mentee,Yes,Human Resources;Healthcare;Fashion;,6.0,7.0,172.0,147.0,81.0,0.0,199.0,108.0,86.0,168.0,132.0,21.0,153.0,166.0,165.0,50.0,12.0,,,,,,,,,,,,,,,,,,,
229,Male,2,10,9,1,Kin Mentee,Yes,Technology;Other;Real Estate;Engineering;Food and Beverage;,3.0,1.0,125.0,146.0,66.0,175.0,138.0,101.0,166.0,161.0,55.0,49.0,54.0,92.0,126.0,154.0,9.0,,,,,,,,,,,,,,,,,,,
230,No Preference,8,9,8,7,Kin Mentee,Yes,Government;Media and News;Fashion;,8.0,1.0,108.0,123.0,163.0,112.0,149.0,162.0,177.0,196.0,93.0,129.0,76.0,52.0,95.0,60.0,88.0,,,,,,,,,,,,,,,,,,,
231,No Preference,9,7,8,10,Kin Mentee,No,Education;Advertising/Marketing;Hospitality;,10.0,4.0,138.0,28.0,24.0,198.0,77.0,44.0,2.0,141.0,5.0,23.0,89.0,104.0,13.0,45.0,79.0,,,,,,,,,,,,,,,,,,,
232,Male,9,10,7,9,Kin Mentee,No,Legal;,6.0,10.0,53.0,131.0,154.0,122.0,23.0,0.0,108.0,163.0,69.0,177.0,99.0,186.0,161.0,179.0,121.0,,,,,,,,,,,,,,,,,,,
233,Female,5,10,7,8,Kin Mentee,Yes,Healthcare;Government;Finance;,7.0,9.0,113.0,79.0,145.0,0.0,124.0,77.0,6.0,15.0,140.0,183.0,175.0,160.0,32.0,11.0,152.0,,,,,,,,,,,,,,,,,,,
234,Female,7,8,3,8,Kin Mentee,No,Entrepreneurship;Real Estate;Advertising/Marketing;,3.0,10.0,188.0,112.0,166.0,169.0,70.0,92.0,48.0,82.0,176.0,183.0,63.0,181.0,149.0,133.0,143.0,,,,,,,,,,,,,,,,,,,
235,Nonbinary/Fluid/Gender Queer,3,9,7,3,Kin Mentee,No,Other;,4.0,9.0,32.0,72.0,80.0,121.0,1.0,124.0,94.0,193.0,86.0,84.0,9.0,2.0,92.0,178.0,37.0,,,,,,,,,,,,,,,,,,,
236,No Preference,7,9,1,4,Kin Mentee,No,Other;,9.0,1.0,127.0,35.0,30.0,0.0,169.0,105.0,90.0,189.0,17.0,101.0,46.0,6.0,66.0,82.0,9.0,,,,,,,,,,,,,,,,,,,
237,No Preference,2,1,1,4,Kin Mentee,Yes,Arts and Design;,3.0,9.0,19.0,43.0,119.0,95.0,126.0,169.0,114.0,149.0,161.0,37.0,0.0,179.0,138.0,12.0,164.0,,,,,,,,,,,,,,,,,,,
238,Female,4,7,4,10,Kin Mentee,No,Advertising/Marketing;Aerospace;Entertainment;,2.0,3.0,145.0,1.0,79.0,73.0,98.0,187.0,119.0,123.0,126.0,75.0,6.0,80.0,100.0,23.0,18.0,,,,,,,,,,,,,,,,,,,
239,Male,8,4,9,5,Kin Mentee,Yes,Consulting;Food and Beverage;Engineering;,2.0,1.0,129.0,183.0,98.0,4.0,156.0,12.0,105.0,61.0,6.0,52.0,54.0,137.0,83.0,180.0,37.0,,,,,,,,,,,,,,,,,,,
240,No Preference,8,8,9,9,Kin Mentee,No,Hospitality;,3.0,10.0,83.0,128.0,67.0,138.0,84.0,97.0,74.0,109.0,41.0,104.0,101.0,165.0,143.0,162.0,181.0,,,,,,,,,,,,,,,,,,,
241,Nonbinary/Fluid/Gender Queer,1,10,1,7,Kin Mentee,Yes,Accounting;Media and News;,2.0,8.0,178.0,72.0,3.0,145.0,0.0,59.0,183.0,74.0,39.0,164.0,49.0,57.0,170.0,92.0,54.0,,,,,,,,,,,,,,,,,,,
242,Male,4,4,5,3,Kin Mentee,No,Arts and Design;,3.0,3.0,42.0,92.0,138.0,12.0,163.0,145.0,195.0,157.0,188.0,98.0,107.0,10.0,133.0,192.0,144.0,,,,,,,,,,,,,,,,,,,
243,Male,2,8,3,9,Kin Mentee,No,Healthcare;Food and Beverage;,1.0,10.0,104.0,24.0,73.0,97.0,15.0,179.0,9.0,32.0,107.0,88.0,171.0,169.0,186.0,153.0,100.0,,,,,,,,,,,,,,,,,,,
244,Female,9,9,6,10,Kin Mentee,Yes,Entrepreneurship;Healthcare;Other;Hospitality;,10.0,2.0,84.0,181.0,178.0,18.0,167.0,111.0,21.0,138.0,17.0,95.0,56.0,144.0,51.0,92.0,172.0,,,,,,,,,,,,,,,,,,,
245,Male,1,4,5,7,Kin Mentee,Yes,Finance;,8.0,4.0,194.0,82.0,157.0,151.0,79.0,166.0,128.0,110.0,33.0,123.0,80.0,19.0,73.0,153.0,180.0,,,,,,,,,,,,,,,,,,,
246,Male,3,4,7,8,Kin Mentee,Yes,Government;Aerospace;,2.0,2.0,45.0,59.0,132.0,80.0,107.0,188.0,133.0,15.0,193.0,82.0,51.0,1.0,92.0,9.0,32.0,,,,,,,,,,,,,,,,,,,
247,No Preference,6,2,8,4,Kin Mentee,No,Consulting;,4.0,10.0,135.0,70.0,34.0,128.0,32.0,154.0,58.0,173.0,109.0,97.0,66.0,38.0,150.0,41.0,85.0,,,,,,,,,,,,,,,,,,,
248,No Preference,10,5,10,8,Kin Mentee,Yes,Media and News;Entertainment;Education;Accounting;,2.0,4.0,3.0,77.0,80.0,147.0,70.0,83.0,42.0,122.0,30.0,129.0,65.0,59.0,117.0,36.0,19.0,,,,,,,,,,,,,,,,,,,
249,Male,2,2,3,9,Kin Mentee,Yes,Human Resources;Pharmaceutical;,7.0,9.0,141.0,104.0,4.0,103.0,192.0,27.0,85.0,136.0,10.0,102.0,160.0,38.0,29.0,167.0,161.0,,,,,,,,,,,,,,,,,,,
250,Male,1,4,9,6,Kin Mentee,No,Media and News;Finance;Other;Nonprofit;,10.0,4.0,4.0,106.0,192.0,145.0,185.0,11.0,139.0,146.0,149.0,100.0,56.0,137.0,87.0,42.0,12.0,,,,,,,,,,,,,,,,,,,
251,Male,7,5,2,10,Kin Mentee,No,Education;Hospitality;,10.0,1.0,120.0,170.0,19.0,39.0,110.0,59.0,150.0,73.0,28.0,104.0,3.0,158.0,174.0,144.0,88.0,,,,,,,,,,,,,,,,,,,
252,No Preference,4,3,10,9,Kin Mentee,Yes,Agriculture;Media and News;Other;Healthcare;Finance;,4.0,9.0,148.0,182.0,80.0,165.0,150.0,110.0,71.0,184.0,140.0,158.0,21.0,52.0,114.0,117.0,162.0,,,,,,,,,,,,,,,,,,,
253,No Preference,7,7,1,3,Kin Mentee,No,Fashion;Legal;,7.0,10.0,185.0,24.0,180.0,48.0,43.0,98.0,108.0,181.0,143.0,199.0,112.0,135.0,92.0,156.0,2.0,,,,,,,,,,,,,,,,,,,
254,Male,6,7,2,1,Kin Mentee,No,Technology;Hospitality;,1.0,7.0,14.0,146.0,52.0,7.0,186.0,167.0,82.0,42.0,183.0,184.0,120.0,39.0,56.0,138.0,51.0,,,,,,,,,,,,,,,,,,,
255,Nonbinary/Fluid/Gender Queer,7,9,5,2,Kin Mentee,No,Food and Beverage;Agriculture;Pharmaceutical;Legal;,9.0,2.0,31.0,11.0,176.0,99.0,193.0,95.0,25.0,124.0,138.0,143.0,96.0,8.0,150.0,18.0,100.0,,,,,,,,,,,,,,,,,,,
256,Male,8,3,1,2,Kin Mentee,No,Finance;Hospitality;,9.0,10.0,154.0,44.0,102.0,113.0,17.0,104.0,33.0,97.0,32.0,147.0,25.0,122.0,161.0,37.0,83.0,,,,,,,,,,,,,,,,,,,
257,Nonbinary/Fluid/Gender Queer,9,2,8,8,Kin Mentee,No,Real Estate;Aerospace;Nonprofit;Pharmaceutical;,4.0,4.0,152.0,69.0,116.0,109.0,138.0,13.0,179.0,156.0,49.0,63.0,159.0,120.0,46.0,52.0,145.0,,,,,,,,,,,,,,,,,,,
258,Female,5,2,6,1,Kin Mentee,Yes,Real Estate;Engineering;,10.0,1.0,142.0,65.0,37.0,190.0,54.0,147.0,157.0,167.0,114.0,111.0,127.0,102.0,33.0,152.0,106.0,,,,,,,,,,,,,,,,,,,
259,Nonbinary/Fluid/Gender Queer,2,7,2,8,Kin Mentee,No,Entrepreneurship;Education;,9.0,3.0,158.0,38.0,139.0,161.0,102.0,2.0,90.0,92.0,150.0,132.0,106.0,190.0,125.0,108.0,12.0,,,,,,,,,,,,,,,,,,,
260,Female,1,9,6,4,Kin Mentee,Yes,Aerospace;,5.0,5.0,141.0,138.0,106.0,142.0,65.0,174.0,87.0,161.0,137.0,155.0,29.0,149.0,168.0,132.0,30.0,,,,,,,,,,,,,,,,,,,
261,Nonbinary/Fluid/Gender Queer,9,9,9,2,Kin Mentee,No,Other;Media and News;Healthcare;Nonprofit;,1.0,8.0,99.0,83.0,39.0,190.0,152.0,133.0,77.0,48.0,124.0,12.0,128.0,18.0,37.0,8.0,20.0,,,,,,,,,,,,,,,,,,,
262,Female,1,9,2,3,Kin Mentee,No,Human Resources;Hospitality;Healthcare;Media and News;Government;,5.0,1.0,165.0,103.0,182.0,47.0,175.0,170.0,60.0,172.0,34.0,62.0,195.0,25.0,142.0,9.0,67.0,,,,,,,,,,,,,,,,,,,
263,Nonbinary/Fluid/Gender Queer,4,6,1,9,Kin Mentee,No,Food and Beverage;Technology;Media and News;Hospitality;Healthcare;,9.0,3.0,141.0,63.0,2.0,70.0,46.0,88.0,187.0,170.0,81.0,184.0,182.0,181.0,101.0,130.0,20.0,,,,,,,,,,,,,,,,,,,
264,Male,6,6,10,6,Kin Mentee,No,Aerospace;Pharmaceutical;,8.0,9.0,87.0,125.0,180.0,34.0,161.0,26.0,113.0,121.0,1.0,131.0,22.0,197.0,141.0,137.0,5.0,,,,,,,,,,,,,,,,,,,
265,Nonbinary/Fluid/Gender Queer,7,8,1,5,Kin Mentee,No,Real Estate;Finance;Food and Beverage;Pharmaceutical;,10.0,3.0,19.0,169.0,24.0,139.0,57.0,160.0,63.0,145.0,84.0,14.0,112.0,140.0,51.0,164.0,83.0,,,,,,,,,,,,,,,,,,,
266,No Preference,4,3,6,10,Kin Mentee,No,Government;,9.0,1.0,174.0,117.0,137.0,162.0,25.0,36.0,139.0,132.0,110.0,43.0,69.0,165.0,30.0,170.0,85.0,,,,,,,,,,,,,,,,,,,
267,Nonbinary/Fluid/Gender Queer,8,10,3,6,Kin Mentee,No,Consulting;Arts and Design;Food and Beverage;Education;Government;,4.0,6.0,24.0,39.0,16.0,189.0,87.0,101.0,92.0,11.0,46.0,59.0,190.0,97.0,186.0,56.0,115.0,,,,,,,,,,,,,,,,,,,
268,Female,5,4,10,6,Kin Mentee,Yes,Fashion;Aerospace;,2.0,8.0,50.0,85.0,195.0,142.0,73.0,87.0,67.0,146.0,40.0,1.0,147.0,148.0,175.0,38.0,26.0,,,,,,,,,,,,,,,,,,,
269,Nonbinary/Fluid/Gender Queer,1,1,1,5,Kin Mentee,Yes,Human Resources;Finance;Food and Beverage;Education;,4.0,3.0,106.0,179.0,73.0,54.0,15.0,63.0,64.0,175.0,184.0,103.0,83.0,7.0,77.0,98.0,197.0,,,,,,,,,,,,,,,,,,,
270,Male,6,6,2,6,Kin Mentee,No,Food and Beverage;Entrepreneurship;Arts and Design;Engineering;Entertainment;,7.0,5.0,23.0,177.0,53.0,175.0,34.0,163.0,192.0,152.0,90.0,185.0,115.0,131.0,158.0,36.0,157.0,,,,,,,,,,,,,,,,,,,
271,No Preference,9,9,8,2,Kin Mentee,No,Accounting;Human Resources;Education;Fashion;,3.0,5.0,29.0,57.0,172.0,47.0,43.0,9.0,58.0,19.0,163.0,112.0,152.0,184.0,161.0,196.0,197.0,,,,,,,,,,,,,,,,,,,
272,Male,4,10,7,4,Kin Mentee,Yes,Accounting;Entrepreneurship;Human Resources;Finance;Pharmaceutical;,8.0,2.0,97.0,15.0,148.0,80.0,45.0,72.0,48.0,131.0,164.0,28.0,141.0,102.0,36.0,81.0,58.0,,,,,,,,,,,,,,,,,,,
273,Nonbinary/Fluid/Gender Queer,4,7,9,10,Kin Mentee,No,Agriculture;Hospitality;Food and Beverage;Government;,3.0,4.0,131.0,121.0,185.0,11.0,140.0,167.0,30.0,34.0,138.0,133.0,174.0,39.0,153.0,157.0,41.0,,,,,,,,,,,,,,,,,,,
274,Male,2,10,7,6,Kin Mentee,No,Fashion;,2.0,9.0,181.0,40.0,28.0,193.0,138.0,147.0,89.0,176.0,16.0,139.0,142.0,27.0,128.0,112.0,24.0,,,,,,,,,,,,,,,,,,,
275,Female,2,9,7,7,Kin Mentee,No,Healthcare;Accounting;Engineering;,6.0,8.0,195.0,115.0,76.0,158.0,78.0,142.0,77.0,69.0,198.0,133.0,82.0,166.0,47.0,167.0,80.0,,,,,,,,,,,,,,,,,,,
276,No Preference,7,9,5,3,Kin Mentee,Yes,Pharmaceutical;Accounting;Government;Technology;Entrepreneurship;,9.0,8.0,93.0,39.0,21.0,114.0,67.0,148.0,102.0,156.0,174.0,172.0,98.0,186.0,176.0,179.0,79.0,,,,,,,,,,,,,,,,,,,
277,Nonbinary/Fluid/Gender Queer,8,7,10,4,Kin Mentee,Yes,Hospitality;,2.0,5.0,65.0,60.0,189.0,153.0,168.0,13.0,134.0,81.0,2.0,48.0,102.0,116.0,18.0,58.0,1.0,,,,,,,,,,,,,,,,,,,
278,Female,3,3,8,6,Kin Mentee,No,Other;Finance;Media and News;,9.0,4.0,193.0,12.0,106.0,81.0,181.0,93.0,50.0,198.0,11.0,180.0,143.0,80.0,19.0,69.0,99.0,,,,,,,,,,,,,,,,,,,
279,No Preference,7,5,1,3,Kin Mentee,No,Finance;Agriculture;Healthcare;Education;,7.0,5.0,39.0,3.0,137.0,134.0,36.0,122.0,168.0,158.0,17.0,98.0,172.0,133.0,175.0,33.0,187.0,,,,,,,,,,,,,,,,,,,
280,Female,2,3,8,7,Kin Mentee,Yes,Consulting;Media and News;Healthcare;Entertainment;,1.0,10.0,61.0,131.0,72.0,169.0,75.0,101.0,172.0,89.0,25.0,42.0,21.0,99.0,107.0,10.0,29.0,,,,,,,,,,,,,,,,,,,
281,No Preference,1,6,1,1,Kin Mentee,No,Engineering;Human Resources;,6.0,1.0,169.0,195.0,71.0,145.0,113.0,54.0,58.0,57.0,197.0,172.0,29.0,20.0,47.0,127.0,130.0,,,,,,,,,,,,,,,,,,,
282,Male,6,9,6,9,Kin Mentee,Yes,Finance;Human Resources;Aerospace;Education;Nonprofit;,3.0,3.0,33.0,69.0,153.0,124.0,62.0,27.0,40.0,85.0,141.0,172.0,175.0,44.0,77.0,127.0,147.0,,,,,,,,,,,,,,,,,,,
283,Nonbinary/Fluid/Gender Queer,4,2,3,5,Kin Mentee,Yes,Government;Agriculture;,2.0,1.0,149.0,40.0,90.0,61.0,182.0,130.0,187.0,151.0,53.0,50.0,132.0,84.0,185.0,154.0,85.0,,,,,,,,,,,,,,,,,,,
284,Nonbinary/Fluid/Gender Queer,4,1,4,3,Kin Mentee,No,Aerospace;,4.0,3.0,195.0,28.0,1.0,159.0,113.0,116.0,36.0,106.0,42.0,26.0,190.0,15.0,167.0,38.0,5.0,,,,,,,,,,,,,,,,,,,
285,Female,2,1,3,9,Kin Mentee,Yes,Accounting;Human Resources;Consulting;Aerospace;Media and News;,2.0,6.0,0.0,20.0,129.0,106.0,25.0,16.0,112.0,140.0,142.0,3.0,27.0,35.0,61.0,190.0,110.0,,,,,,,,,,,,,,,,,,,
286,Nonbinary/Fluid/Gender Queer,1,2,8,5,Kin Mentee,Yes,Pharmaceutical;,3.0,7.0,196.0,34.0,84.0,160.0,79.0,75.0,150.0,149.0,140.0,176.0,110.0,9.0,143.0,23.0,58.0,,,,,,,,,,,,,,,,,,,
287,Female,3,9,5,3,Kin Mentee,Yes,Engineering;,1.0,8.0,64.0,131.0,31.0,20.0,109.0,112.0,134.0,167.0,122.0,59.0,195.0,172.0,85.0,193.0,190.0,,,,,,,,,,,,,,,,,,,
288,Nonbinary/Fluid/Gender Queer,1,4,9,2,Kin Mentee,Yes,Food and Beverage;Pharmaceutical;Hospitality;Technology;Agriculture;,10.0,9.0,153.0,32.0,26.0,164.0,30.0,43.0,137.0,56.0,129.0,146.0,168.0,83.0,20.0,75.0,96.0,,,,,,,,,,,,,,,,,,,
289,Nonbinary/Fluid/Gender Queer,3,9,10,6,Kin Mentee,No,Hospitality;Media and News;Advertising/Marketing;,2.0,10.0,113.0,57.0,9.0,100.0,73.0,132.0,41.0,88.0,93.0,10.0,128.0,42.0,81.0,149.0,44.0,,,,,,,,,,,,,,,,,,,
290,No Preference,3,9,2,8,Kin Mentee,No,Consulting;Government;,3.0,9.0,14.0,106.0,151.0,56.0,35.0,184.0,13.0,34.0,156.0,136.0,141.0,94.0,162.0,164.0,24.0,,,,,,,,,,,,,,,,,,,
291,Male,9,6,9,6,Kin Mentee,Yes,Aerospace;Other;Human Resources;,4.0,5.0,147.0,125.0,43.0,46.0,109.0,115.0,167.0,88.0,130.0,132.0,156.0,78.0,15.0,13.0,30.0,,,,,,,,,,,,,,,,,,,
292,Male,2,1,1,10,Kin Mentee,No,Healthcare;Pharmaceutical;,1.0,3.0,150.0,193.0,67.0,102.0,175.0,124.0,183.0,91.0,59.0,43.0,54.0,97.0,81.0,130.0,168.0,,,,,,,,,,,,,,,,,,,
293,Female,4,1,10,3,Kin Mentee,Yes,Human Resources;Entertainment;,3.0,4.0,117.0,24.0,187.0,114.0,149.0,102.0,155.0,191.0,3.0,88.0,180.0,57.0,99.0,8.0,199.0,,,,,,,,,,,,,,,,,,,
294,Male,8,5,9,8,Kin Mentee,Yes,Aerospace;,1.0,1.0,120.0,95.0,148.0,60.0,57.0,169.0,99.0,144.0,126.0,24.0,64.0,93.0,103.0,153.0,141.0,,,,,,,,,,,,,,,,,,,
295,Male,4,6,3,1,Kin Mentee,No,Human Resources;Engineering;Entertainment;Aerospace;Agriculture;,3.0,6.0,189.0,58.0,175.0,160.0,173.0,29.0,38.0,116.0,120.0,67.0,100.0,110.0,16.0,199.0,6.0,,,,,,,,,,,,,,,,,,,
296,No Preference,6,4,6,5,Kin Mentee,Yes,Consulting;,7.0,4.0,109.0,117.0,97.0,130.0,187.0,129.0,18.0,147.0,80.0,122.0,77.0,50.0,94.0,13.0,107.0,,,,,,,,,,,,,,,,,,,
297,Male,9,7,1,7,Kin Mentee,No,Fashion;Hospitality;Legal;Food and Beverage;,5.0,10.0,130.0,74.0,163.0,80.0,30.0,46.0,8.0,169.0,98.0,119.0,194.0,96.0,140.0,186.0,166.0,,,,,,,,,,,,,,,,,,,
298,No Preference,6,3,1,4,Kin Mentee,Yes,Finance;Food and Beverage;Legal;,6.0,3.0,12.0,150.0,96.0,173.0,157.0,181.0,167.0,59.0,114.0,104.0,99.0,136.0,116.0,22.0,112.0,,,,,,,,,,,,,,,,,,,
299,Nonbinary/Fluid/Gender Queer,5,7,8,2,Kin Mentee,No,Media and News;Fashion;Hospitality;,2.0,2.0,66.0,114.0,11.0,30.0,140.0,142.0,32.0,194.0,69.0,189.0,7.0,121.0,127.0,162.0,116.0,,,,,,,,,,,,,,,,,,,
300,Nonbinary/Fluid/Gender Queer,9,1,6,7,Kin Mentee,No,Hospitality;Education;Media and News;,5.0,4.0,39.0,89.0,155.0,1.0,45.0,93.0,66.0,7.0,71.0,163.0,64.0,44.0,84.0,186.0,159.0,,,,,,,,,,,,,,,,,,,
301,Female,5,9,1,5,Kin Mentee,No,Arts and Design;Human Resources;Hospitality;Legal;,9.0,6.0,110.0,146.0,64.0,120.0,103.0,182.0,60.0,38.0,26.0,161.0,58.0,91.0,61.0,135.0,11.0,,,,,,,,,,,,,,,,,,,
302,No Preference,5,9,5,7,Kin Mentee,No,Food and Beverage;,6.0,7.0,57.0,32.0,167.0,199.0,35.0,138.0,12.0,2.0,6.0,46.0,36.0,29.0,11.0,49.0,37.0,,,,,,,,,,,,,,,,,,,
303,Nonbinary/Fluid/Gender Queer,7,9,3,1,Kin Mentee,Yes,Entrepreneurship;Healthcare;Advertising/Marketing;Real Estate;,3.0,7.0,168.0,51.0,67.0,75.0,73.0,53.0,49.0,20.0,149.0,77.0,84.0,66.0,41.0,1.0,151.0,,,,,,,,,,,,,,,,,,,
304,Male,8,5,7,8,Kin Mentee,No,Nonprofit;Government;Media and News;Human Resources;Aerospace;,1.0,4.0,107.0,124.0,162.0,175.0,146.0,108.0,96.0,7.0,170.0,130.0,2.0,199.0,191.0,167.0,116.0,,,,,,,,,,,,,,,,,,,
305,Female,3,1,5,9,Kin Mentee,No,Advertising/Marketing;Healthcare;,9.0,5.0,65.0,62.0,72.0,118.0,175.0,116.0,193.0,96.0,192.0,77.0,163.0,82.0,97.0,101.0,179.0,,,,,,,,,,,,,,,,,,,
306,Nonbinary/Fluid/Gender Queer,10,2,9,7,Kin Mentee,Yes,Human Resources;Government;Legal;Agriculture;Aerospace;,8.0,8.0,52.0,190.0,65.0,180.0,99.0,103.0,145.0,90.0,35.0,198.0,97.0,64.0,94.0,56.0,4.0,,,,,,,,,,,,,,,,,,,
307,Male,6,3,5,6,Kin Mentee,No,Accounting;Entrepreneurship;Agriculture;Pharmaceutical;,2.0,7.0,118.0,28.0,13.0,127.0,137.0,44.0,20.0,32.0,96.0,2.0,22.0,181.0,77.0,78.0,115.0,,,,,,,,,,,,,,,,,,,
308,Male,2,3,9,7,Kin Mentee,Yes,Agriculture;Entrepreneurship;Consulting;Finance;Media and News;,8.0,5.0,182.0,52.0,92.0,178.0,127.0,76.0,40.0,150.0,135.0,176.0,124.0,71.0,123.0,4.0,79.0,,,,,,,,,,,,,,,,,,,
309,Nonbinary/Fluid/Gender Queer,8,10,2,6,Kin Mentee,No,Technology;Government;Consulting;Human Resources;Fashion;,7.0,1.0,56.0,154.0,100.0,153.0,32.0,155.0,7.0,66.0,180.0,69.0,51.0,175.0,177.0,85.0,122.0,,,,,,,,,,,,,,,,,,,
310,No Preference,4,10,4,2,Kin Mentee,No,Media and News;Entrepreneurship;Agriculture;Human Resources;,5.0,3.0,116.0,21.0,138.0,158.0,75.0,9.0,71.0,82.0,131.0,2.0,59.0,45.0,144.0,0.0,142.0,,,,,,,,,,,,,,,,,,,
311,Male,7,5,5,6,Kin Mentee,No,Aerospace;Finance;,8.0,4.0,100.0,75.0,181.0,82.0,31.0,128.0,171.0,151.0,7.0,94.0,177.0,49.0,174.0,119.0,169.0,,,,,,,,,,,,,,,,,,,
312,Nonbinary/Fluid/Gender Queer,4,6,4,5,Kin Mentee,No,Real Estate;Media and News;,3.0,3.0,133.0,169.0,188.0,21.0,62.0,130.0,170.0,17.0,97.0,55.0,189.0,109.0,5.0,148.0,48.0,,,,,,,,,,,,,,,,,,,
313,Nonbinary/Fluid/Gender Queer,5,4,3,4,Kin Mentee,No,Education;Advertising/Marketing;Real Estate;Government;,9.0,2.0,10.0,162.0,181.0,149.0,140.0,27.0,9.0,165.0,194.0,174.0,16.0,3.0,127.0,83.0,157.0,,,,,,,,,,,,,,,,,,,
314,Female,3,9,7,2,Kin Mentee,No,Food and Beverage;Other;Healthcare;,4.0,2.0,92.0,99.0,16.0,188.0,95.0,175.0,182.0,119.0,47.0,5.0,63.0,135.0,172.0,87.0,85.0,,,,,,,,,,,,,,,,,,,
315,Female,10,1,4,3,Kin Mentee,No,Entrepreneurship;Agriculture;Engineering;Human Resources;Healthcare;,10.0,7.0,67.0,62.0,10.0,47.0,55.0,49.0,117.0,167.0,122.0,129.0,94.0,107.0,127.0,52.0,186.0,,,,,,,,,,,,,,,,,,,
316,Female,7,6,1,9,Kin Mentee,Yes,Engineering;,9.0,8.0,124.0,179.0,31.0,84.0,176.0,177.0,132.0,178.0,193.0,153.0,185.0,53.0,105.0,109.0,170.0,,,,,,,,,,,,,,,,,,,
317,Female,1,8,7,4,Kin Mentee,No,Agriculture;Finance;Nonprofit;Hospitality;,6.0,3.0,175.0,126.0,13.0,11.0,169.0,111.0,106.0,5.0,183.0,130.0,198.0,24.0,193.0,195.0,90.0,,,,,,,,,,,,,,,,,,,
318,Nonbinary/Fluid/Gender Queer,10,10,3,9,Kin Mentee,No,Engineering;,2.0,5.0,172.0,64.0,133.0,184.0,29.0,31.0,1.0,6.0,24.0,16.0,101.0,57.0,152.0,44.0,156.0,,,,,,,,,,,,,,,,,,,
319,No Preference,10,8,4,5,Kin Mentee,No,Technology;Real Estate;Education;,5.0,10.0,80.0,33.0,24.0,179.0,111.0,122.0,119.0,76.0,41.0,1.0,64.0,139.0,28.0,158.0,103.0,,,,,,,,,,,,,,,,,,,
320,Nonbinary/Fluid/Gender Queer,1,9,8,7,Kin Mentee,No,Engineering;Entertainment;,7.0,7.0,65.0,185.0,120.0,84.0,161.0,5.0,100.0,51.0,132.0,97.0,152.0,181.0,61.0,26.0,164.0,,,,,,,,,,,,,,,,,,,
321,Female,9,1,4,8,Kin Mentee,Yes,Agriculture;Engineering;,1.0,3.0,192.0,187.0,148.0,45.0,163.0,171.0,189.0,177.0,53.0,191.0,29.0,12.0,97.0,167.0,85.0,,,,,,,,,,,,,,,,,,,
322,Male,9,7,2,6,Kin Mentee,No,Healthcare;,8.0,1.0,12.0,111.0,147.0,113.0,13.0,159.0,187.0,108.0,86.0,183.0,46.0,54.0,21.0,163.0,7.0,,,,,,,,,,,,,,,,,,,
323,Nonbinary/Fluid/Gender Queer,7,9,4,7,Kin Mentee,Yes,Hospitality;Food and Beverage;Finance;Agriculture;Accounting;,4.0,9.0,67.0,2.0,72.0,95.0,171.0,184.0,113.0,146.0,181.0,41.0,1.0,127.0,194.0,62.0,26.0,,,,,,,,,,,,,,,,,,,
324,No Preference,3,1,8,1,Kin Mentee,Yes,Legal;Advertising/Marketing;Technology;Education;,5.0,7.0,51.0,35.0,85.0,86.0,112.0,180.0,187.0,144.0,28.0,151.0,14.0,138.0,73.0,102.0,160.0,,,,,,,,,,,,,,,,,,,
325,Female,8,6,8,2,Kin Mentee,Yes,Fashion;Government;Hospitality;Media and News;Education;,3.0,6.0,149.0,12.0,66.0,75.0,71.0,5.0,132.0,176.0,194.0,167.0,22.0,70.0,79.0,94.0,95.0,,,,,,,,,,,,,,,,,,,
326,Female,7,1,9,8,Kin Mentee,Yes,Nonprofit;Aerospace;Hospitality;Healthcare;,3.0,9.0,190.0,193.0,150.0,5.0,157.0,130.0,156.0,46.0,194.0,138.0,86.0,57.0,174.0,65.0,100.0,,,,,,,,,,,,,,,,,,,
327,Nonbinary/Fluid/Gender Queer,5,4,2,6,Kin Mentee,Yes,Legal;Government;Media and News;Hospitality;,9.0,4.0,122.0,176.0,189.0,44.0,70.0,144.0,117.0,73.0,132.0,186.0,84.0,114.0,183.0,125.0,172.0,,,,,,,,,,,,,,,,,,,
328,Female,8,5,5,1,Kin Mentee,Yes,Technology;Engineering;,1.0,3.0,145.0,39.0,124.0,50.0,42.0,54.0,94.0,84.0,152.0,82.0,148.0,193.0,14.0,162.0,70.0,,,,,,,,,,,,,,,,,,,
329,Female,3,8,9,2,Kin Mentee,Yes,Nonprofit;,6.0,7.0,93.0,20.0,95.0,193.0,78.0,51.0,150.0,161.0,130.0,62.0,146.0,35.0,49.0,38.0,41.0,,,,,,,,,,,,,,,,,,,
330,Nonbinary/Fluid/Gender Queer,3,2,3,8,Kin Mentee,Yes,Other;Accounting;Agriculture;Legal;,1.0,4.0,199.0,47.0,94.0,191.0,50.0,101.0,124.0,13.0,157.0,23.0,163.0,4.0,15.0,130.0,33.0,,,,,,,,,,,,,,,,,,,
331,Nonbinary/Fluid/Gender Queer,7,4,2,8,Kin Mentee,No,Finance;Fashion;Hospitality;Advertising/Marketing;Entrepreneurship;,4.0,2.0,199.0,62.0,73.0,6.0,123.0,184.0,168.0,176.0,190.0,157.0,136.0,10.0,150.0,41.0,8.0,,,,,,,,,,,,,,,,,,,
332,No Preference,8,5,10,10,Kin Mentee,No,Nonprofit;Media and News;Agriculture;Hospitality;Finance;,1.0,1.0,89.0,108.0,35.0,166.0,164.0,94.0,196.0,48.0,68.0,91.0,22.0,66.0,44.0,186.0,155.0,,,,,,,,,,,,,,,,,,,
333,Male,9,4,5,5,Kin Mentee,Yes,Real Estate;Pharmaceutical;Entrepreneurship;Entertainment;,10.0,5.0,84.0,34.0,181.0,187.0,48.0,169.0,97.0,128.0,150.0,54.0,57.0,28.0,27.0,171.0,158.0,,,,,,,,,,,,,,,,,,,
334,Female,3,6,3,1,Kin Mentee,Yes,Education;Real Estate;Media and News;,6.0,10.0,138.0,164.0,150.0,69.0,180.0,122.0,119.0,87.0,107.0,22.0,40.0,196.0,24.0,174.0,36.0,,,,,,,,,,,,,,,,,,,
335,Nonbinary/Fluid/Gender Queer,1,1,8,8,Kin Mentee,No,Real Estate;Agriculture;Media and News;Accounting;Healthcare;,9.0,2.0,10.0,172.0,62.0,182.0,188.0,42.0,8.0,166.0,160.0,65.0,137.0,192.0,15.0,80.0,89.0,,,,,,,,,,,,,,,,,,,
336,No Preference,2,1,9,9,Kin Mentee,Yes,Media and News;Food and Beverage;Government;,8.0,2.0,84.0,5.0,186.0,194.0,115.0,83.0,11.0,100.0,51.0,187.0,152.0,155.0,46.0,158.0,184.0,,,,,,,,,,,,,,,,,,,
337,Nonbinary/Fluid/Gender Queer,9,1,7,8,Kin Mentee,No,Real Estate;,6.0,2.0,123.0,94.0,97.0,129.0,147.0,60.0,18.0,109.0,170.0,195.0,122.0,16.0,68.0,99.0,194.0,,,,,,,,,,,,,,,,,,,
338,Nonbinary/Fluid/Gender Queer,5,10,10,1,Kin Mentee,Yes,Other;Consulting;,10.0,6.0,51.0,128.0,75.0,77.0,106.0,142.0,0.0,78.0,185.0,27.0,73.0,54.0,97.0,50.0,87.0,,,,,,,,,,,,,,,,,,,
339,Male,9,10,6,4,Kin Mentee,No,Technology;Engineering;Human Resources;Education;,9.0,9.0,89.0,198.0,21.0,187.0,186.0,174.0,9.0,134.0,14.0,133.0,91.0,175.0,161.0,62.0,138.0,,,,,,,,,,,,,,,,,,,
340,Female,3,6,5,1,Kin Mentee,No,Pharmaceutical;Media and News;Consulting;Accounting;,6.0,2.0,141.0,107.0,32.0,84.0,69.0,163.0,19.0,116.0,162.0,131.0,76.0,147.0,184.0,96.0,149.0,,,,,,,,,,,,,,,,,,,
341,Male,5,3,4,9,Kin Mentee,No,Healthcare;Government;Education;Entertainment;,6.0,3.0,110.0,122.0,45.0,18.0,96.0,25.0,168.0,138.0,52.0,186.0,38.0,44.0,103.0,42.0,32.0,,,,,,,,,,,,,,,,,,,
342,Nonbinary/Fluid/Gender Queer,9,6,5,1,Kin Mentee,No,Legal;Arts and Design;,1.0,6.0,90.0,189.0,39.0,152.0,156.0,87.0,60.0,106.0,167.0,69.0,32.0,23.0,36.0,68.0,125.0,,,,,,,,,,,,,,,,,,,
343,Female,1,4,7,1,Kin Mentee,No,Education;Media and News;Real Estate;Arts and Design;,3.0,7.0,1.0,25.0,14.0,134.0,107.0,41.0,30.0,78.0,159.0,63.0,183.0,186.0,163.0,177.0,114.0,,,,,,,,,,,,,,,,,,,
344,Female,2,5,1,5,Kin Mentee,Yes,Hospitality;,7.0,5.0,43.0,168.0,135.0,197.0,29.0,189.0,187.0,180.0,22.0,101.0,119.0,183.0,58.0,80.0,112.0,,,,,,,,,,,,,,,,,,,
345,No Preference,5,8,6,8,Kin Mentee,No,Agriculture;Real Estate;Technology;Human Resources;Engineering;,10.0,9.0,15.0,67.0,119.0,85.0,98.0,51.0,28.0,168.0,104.0,32.0,43.0,154.0,175.0,73.0,1.0,,,,,,,,,,,,,,,,,,,
346,Male,4,6,9,3,Kin Mentee,Yes,Advertising/Marketing;Real Estate;Agriculture;,7.0,7.0,93.0,73.0,12.0,54.0,80.0,47.0,23.0,180.0,14.0,132.0,99.0,57.0,7.0,176.0,153.0,,,,,,,,,,,,,,,,,,,
347,Female,8,4,9,10,Kin Mentee,Yes,Advertising/Marketing;Nonprofit;,8.0,6.0,35.0,137.0,118.0,58.0,112.0,51.0,6.0,98.0,99.0,67.0,7.0,121.0,26.0,16.0,123.0,,,,,,,,,,,,,,,,,,,
348,Nonbinary/Fluid/Gender Queer,7,6,9,9,Kin Mentee,Yes,Human Resources;,1.0,5.0,51.0,174.0,13.0,164.0,35.0,114.0,105.0,165.0,97.0,56.0,26.0,184.0,65.0,133.0,31.0,,,,,,,,,,,,,,,,,,,
349,No Preference,4,2,7,7,Kin Mentee,Yes,Accounting;Government;Legal;Human Resources;Other;,9.0,3.0,10.0,75.0,172.0,128.0,122.0,102.0,187.0,46.0,36.0,30.0,127.0,136.0,56.0,22.0,59.0,,,,,,,,,,,,,,,,,,,
350,Female,7,9,6,10,Kin Mentee,No,Advertising/Marketing;Hospitality;Real Estate;Agriculture;,1.0,10.0,193.0,21.0,137.0,117.0,76.0,95.0,180.0,18.0,53.0,131.0,33.0,67.0,115.0,52.0,103.0,,,,,,,,,,,,,,,,,,,
351,No Preference,9,9,5,3,Kin Mentee,No,Arts and Design;Education;,7.0,3.0,100.0,188.0,69.0,107.0,141.0,175.0,47.0,106.0,2.0,85.0,135.0,180.0,29.0,136.0,134.0,,,,,,,,,,,,,,,,,,,
352,No Preference,9,8,6,2,Kin Mentee,No,Accounting;Agriculture;,4.0,9.0,164.0,133.0,46.0,84.0,122.0,82.0,180.0,199.0,71.0,184.0,189.0,148.0,56.0,104.0,33.0,,,,,,,,,,,,,,,,,,,
353,Female,8,6,4,8,Kin Mentee,No,Government;Consulting;Entrepreneurship;,10.0,3.0,50.0,133.0,101.0,58.0,108.0,98.0,135.0,16.0,1.0,124.0,75.0,134.0,89.0,146.0,166.0,,,,,,,,,,,,,,,,,,,
354,Male,6,8,9,7,Kin Mentee,Yes,Other;,10.0,8.0,127.0,160.0,123.0,62.0,142.0,55.0,59.0,159.0,29.0,178.0,27.0,194.0,61.0,3.0,90.0,,,,,,,,,,,,,,,,,,,
355,No Preference,2,1,7,5,Kin Mentee,No,Entrepreneurship;Food and Beverage;Media and News;Entertainment;,4.0,6.0,37.0,149.0,158.0,86.0,163.0,90.0,177.0,97.0,142.0,141.0,12.0,181.0,151.0,10.0,179.0,,,,,,,,,,,,,,,,,,,
356,Male,4,2,3,7,Kin Mentee,No,Real Estate;Entertainment;Legal;Aerospace;Hospitality;,9.0,2.0,156.0,32.0,90.0,183.0,1.0,149.0,2.0,166.0,120.0,101.0,140.0,176.0,173.0,135.0,131.0,,,,,,,,,,,,,,,,,,,
357,Female,5,5,1,8,Kin Mentee,No,Food and Beverage;,2.0,6.0,154.0,189.0,136.0,42.0,38.0,22.0,153.0,90.0,41.0,11.0,14.0,27.0,161.0,191.0,97.0,,,,,,,,,,,,,,,,,,,
358,Nonbinary/Fluid/Gender Queer,8,3,6,10,Kin Mentee,Yes,Accounting;Agriculture;Real Estate;Entertainment;Human Resources;,4.0,10.0,190.0,107.0,122.0,7.0,178.0,25.0,92.0,52.0,160.0,148.0,121.0,94.0,93.0,181.0,68.0,,,,,,,,,,,,,,,,,,,
359,Male,1,6,8,10,Kin Mentee,Yes,Technology;Government;,8.0,7.0,44.0,126.0,179.0,109.0,122.0,28.0,4.0,111.0,15.0,87.0,137.0,177.0,13.0,37.0,112.0,,,,,,,,,,,,,,,,,,,
360,Nonbinary/Fluid/Gender Queer,3,3,2,7,Kin Mentee,Yes,Legal;Food and Beverage;Entertainment;,8.0,9.0,143.0,103.0,26.0,189.0,120.0,123.0,198.0,51.0,142.0,82.0,146.0,193.0,2.0,94.0,67.0,,,,,,,,,,,,,,,,,,,
361,Male,6,3,2,6,Kin Mentee,Yes,Agriculture;Human Resources;Pharmaceutical;Education;Technology;,2.0,2.0,122.0,111.0,112.0,179.0,164.0,94.0,41.0,0.0,78.0,109.0,176.0,66.0,177.0,173.0,104.0,,,,,,,,,,,,,,,,,,,
362,No Preference,5,6,1,8,Kin Mentee,Yes,Education;Fashion;Engineering;Advertising/Marketing;,6.0,4.0,143.0,69.0,190.0,184.0,137.0,174.0,6.0,182.0,50.0,124.0,170.0,136.0,139.0,41.0,141.0,,,,,,,,,,,,,,,,,,,
363,Female,6,2,7,6,Kin Mentee,Yes,Government;Fashion;Agriculture;Food and Beverage;,4.0,7.0,148.0,45.0,117.0,91.0,167.0,153.0,90.0,54.0,19.0,64.0,47.0,82.0,192.0,109.0,92.0,,,,,,,,,,,,,,,,,,,
364,Female,5,5,3,8,Kin Mentee,Yes,Other;Accounting;Nonprofit;Technology;Engineering;,10.0,3.0,122.0,84.0,50.0,3.0,137.0,123.0,190.0,106.0,81.0,8.0,10.0,174.0,4.0,98.0,133.0,,,,,,,,,,,,,,,,,,,
365,Nonbinary/Fluid/Gender Queer,10,8,8,3,Kin Mentee,Yes,Entertainment;,5.0,3.0,89.0,97.0,167.0,176.0,44.0,113.0,122.0,110.0,154.0,170.0,51.0,64.0,166.0,14.0,131.0,,,,,,,,,,,,,,,,,,,
366,Female,1,8,8,1,Kin Mentee,Yes,Healthcare;,4.0,6.0,197.0,102.0,138.0,150.0,57.0,18.0,32.0,53.0,7.0,188.0,127.0,21.0,178.0,108.0,154.0,,,,,,,,,,,,,,,,,,,
367,No Preference,3,6,9,9,Kin Mentee,Yes,Education;Hospitality;Entertainment;Legal;Food and Beverage;,9.0,4.0,186.0,194.0,19.0,195.0,131.0,129.0,160.0,106.0,139.0,104.0,123.0,145.0,41.0,74.0,49.0,,,,,,,,,,,,,,,,,,,
368,Female,9,1,5,7,Kin Mentee,Yes,Consulting;Arts and Design;Hospitality;Real Estate;Media and News;,5.0,8.0,149.0,76.0,64.0,128.0,49.0,58.0,183.0,129.0,77.0,109.0,83.0,121.0,21.0,107.0,33.0,,,,,,,,,,,,,,,,,,,
369,Nonbinary/Fluid/Gender Queer,8,3,2,3,Kin Mentee,No,Accounting;,1.0,1.0,196.0,109.0,49.0,132.0,185.0,148.0,174.0,44.0,90.0,119.0,144.0,22.0,65.0,121.0,92.0,,,,,,,,,,,,,,,,,,,
370,Nonbinary/Fluid/Gender Queer,8,2,8,5,Kin Mentee,No,Entertainment;Consulting;Media and News;,3.0,4.0,99.0,141.0,89.0,79.0,149.0,137.0,43.0,54.0,10.0,180.0,118.0,19.0,136.0,106.0,51.0,,,,,,,,,,,,,,,,,,,
371,Male,8,2,3,8,Kin Mentee,No,Advertising/Marketing;Fashion;,1.0,6.0,9.0,124.0,82.0,186.0,51.0,136.0,34.0,68.0,181.0,83.0,7.0,33.0,164.0,36.0,129.0,,,,,,,,,,,,,,,,,,,
372,Nonbinary/Fluid/Gender Queer,9,2,2,5,Kin Mentee,No,Pharmaceutical;,1.0,6.0,62.0,158.0,46.0,147.0,179.0,23.0,75.0,164.0,74.0,59.0,31.0,20.0,156.0,163.0,86.0,,,,,,,,,,,,,,,,,,,
373,Nonbinary/Fluid/Gender Queer,4,1,8,7,Kin Mentee,Yes,Consulting;Real Estate;,3.0,1.0,148.0,183.0,14.0,142.0,10.0,106.0,146.0,141.0,186.0,38.0,28.0,193.0,52.0,25.0,150.0,,,,,,,,,,,,,,,,,,,
374,No Preference,2,8,5,2,Kin Mentee,No,Other;Aerospace;Government;Finance;Fashion;,5.0,5.0,72.0,123.0,142.0,60.0,73.0,62.0,9.0,111.0,124.0,162.0,57.0,91.0,8.0,41.0,186.0,,,,,,,,,,,,,,,,,,,
375,Nonbinary/Fluid/Gender Queer,9,3,9,9,Kin Mentee,No,Arts and Design;Nonprofit;Media and News;Consulting;Healthcare;,5.0,7.0,126.0,63.0,70.0,117.0,40.0,187.0,38.0,165.0,147.0,134.0,136.0,197.0,97.0,35.0,174.0,,,,,,,,,,,,,,,,,,,
376,Nonbinary/Fluid/Gender Queer,2,4,4,7,Kin Mentee,No,Legal;,8.0,7.0,158.0,177.0,59.0,96.0,72.0,173.0,62.0,26.0,113.0,130.0,129.0,39.0,27.0,169.0,48.0,,,,,,,,,,,,,,,,,,,
377,Male,2,1,6,8,Kin Mentee,Yes,Human Resources;Entertainment;Arts and Design;Hospitality;,3.0,2.0,113.0,49.0,104.0,198.0,3.0,194.0,6.0,26.0,121.0,80.0,55.0,36.0,54.0,17.0,190.0,,,,,,,,,,,,,,,,,,,
378,Male,5,10,7,9,Kin Mentee,No,Consulting;Entrepreneurship;Media and News;Aerospace;Food and Beverage;,4.0,6.0,183.0,26.0,196.0,82.0,32.0,45.0,35.0,129.0,24.0,2.0,22.0,92.0,43.0,133.0,115.0,,,,,,,,,,,,,,,,,,,
379,Male,5,5,4,3,Kin Mentee,Yes,Nonprofit;Aerospace;,1.0,8.0,35.0,178.0,142.0,111.0,135.0,122.0,50.0,9.0,74.0,49.0,18.0,132.0,30.0,166.0,101.0,,,,,,,,,,,,,,,,,,,
380,No Preference,4,4,2,2,Kin Mentee,Yes,Food and Beverage;Real Estate;Other;Entrepreneurship;,4.0,5.0,157.0,161.0,125.0,19.0,102.0,49.0,170.0,172.0,133.0,64.0,177.0,92.0,81.0,80.0,111.0,,,,,,,,,,,,,,,,,,,
381,Female,3,8,4,5,Kin Mentee,No,Entertainment;,6.0,9.0,13.0,158.0,129.0,27.0,50.0,95.0,110.0,2.0,23.0,161.0,58.0,44.0,139.0,127.0,162.0,,,,,,,,,,,,,,,,,,,
382,Nonbinary/Fluid/Gender Queer,6,10,9,5,Kin Mentee,No,Other;,9.0,8.0,161.0,109.0,46.0,155.0,106.0,115.0,175.0,98.0,39.0,103.0,166.0,121.0,29.0,91.0,65.0,,,,,,,,,,,,,,,,,,,
383,Male,5,6,4,10,Kin Mentee,Yes,Hospitality;Pharmaceutical;Legal;Accounting;,5.0,2.0,94.0,165.0,183.0,73.0,107.0,142.0,99.0,4.0,127.0,24.0,91.0,119.0,58.0,185.0,102.0,,,,,,,,,,,,,,,,,,,
384,Female,10,5,3,9,Kin Mentee,No,Nonprofit;Human Resources;Media and News;,10.0,6.0,78.0,67.0,182.0,161.0,63.0,151.0,65.0,129.0,44.0,24.0,58.0,142.0,173.0,168.0,60.0,,,,,,,,,,,,,,,,,,,
385,Female,10,2,3,5,Kin Mentee,Yes,Advertising/Marketing;Pharmaceutical;Other;Media and News;Government;,4.0,4.0,182.0,65.0,91.0,30.0,11.0,90.0,85.0,119.0,164.0,139.0,132.0,115.0,186.0,55.0,161.0,,,,,,,,,,,,,,,,,,,
386,Male,2,3,6,7,Kin Mentee,No,Government;Entrepreneurship;Accounting;Nonprofit;Technology;,3.0,1.0,124.0,181.0,4.0,94.0,180.0,147.0,23.0,168.0,60.0,185.0,90.0,155.0,121.0,128.0,6.0,,,,,,,,,,,,,,,,,,,
387,Female,7,8,3,5,Kin Mentee,Yes,Aerospace;,9.0,2.0,3.0,154.0,83.0,109.0,97.0,100.0,59.0,21.0,53.0,64.0,47.0,7.0,193.0,60.0,5.0,,,,,,,,,,,,,,,,,,,
388,Female,1,8,5,1,Kin Mentee,Yes,Nonprofit;,7.0,10.0,187.0,159.0,4.0,21.0,2.0,79.0,148.0,133.0,180.0,7.0,31.0,45.0,32.0,176.0,129.0,,,,,,,,,,,,,,,,,,,
389,No Preference,9,9,6,4,Kin Mentee,Yes,Engineering;Aerospace;Nonprofit;Healthcare;Advertising/Marketing;,9.0,9.0,45.0,92.0,110.0,83.0,60.0,142.0,149.0,25.0,196.0,139.0,185.0,24.0,91.0,100.0,18.0,,,,,,,,,,,,,,,,,,,
390,Nonbinary/Fluid/Gender Queer,6,3,2,5,Kin Mentee,No,Other;Accounting;Pharmaceutical;,3.0,9.0,192.0,30.0,194.0,77.0,85.0,132.0,41.0,169.0,149.0,90.0,144.0,186.0,129.0,174.0,20.0,,,,,,,,,,,,,,,,,,,
391,Nonbinary/Fluid/Gender Queer,9,9,10,2,Kin Mentee,No,Entrepreneurship;Accounting;Finance;,9.0,5.0,182.0,149.0,120.0,150.0,167.0,141.0,23.0,143.0,135.0,15.0,170.0,20.0,175.0,192.0,129.0,,,,,,,,,,,,,,,,,,,
392,Male,9,2,1,2,Kin Mentee,Yes,Nonprofit;Healthcare;,6.0,2.0,175.0,134.0,87.0,129.0,119.0,0.0,182.0,190.0,19.0,178.0,194.0,157.0,170.0,146.0,96.0,,,,,,,,,,,,,,,,,,,
393,Nonbinary/Fluid/Gender Queer,9,8,3,7,Kin Mentee,No,Arts and Design;,2.0,8.0,38.0,171.0,146.0,58.0,16.0,54.0,121.0,97.0,57.0,195.0,99.0,69.0,154.0,71.0,145.0,,,,,,,,,,,,,,,,,,,
394,Female,7,5,2,5,Kin Mentee,Yes,Entertainment;Nonprofit;Media and News;,3.0,8.0,78.0,82.0,174.0,192.0,127.0,75.0,43.0,98.0,8.0,74.0,88.0,87.0,61.0,134.0,152.0,,,,,,,,,,,,,,,,,,,
395,Male,5,7,7,4,Kin Mentee,No,Fashion;Healthcare;,8.0,8.0,97.0,157.0,124.0,48.0,61.0,118.0,60.0,154.0,18.0,138.0,163.0,93.0,125.0,151.0,81.0,,,,,,,,,,,,,,,,,,,
396,No Preference,8,3,3,1,Kin Mentee,Yes,Agriculture;Technology;Food and Beverage;Education;,3.0,10.0,184.0,140.0,53.0,194.0,183.0,60.0,75.0,165.0,199.0,45.0,3.0,182.0,18.0,162.0,126.0,,,,,,,,,,,,,,,,,,,
397,No Preference,2,1,4,5,Kin Mentee,No,Healthcare;Engineering;,10.0,7.0,176.0,150.0,160.0,169.0,105.0,180.0,127.0,42.0,91.0,39.0,2.0,145.0,62.0,137.0,199.0,,,,,,,,,,,,,,,,,,,
398,Female,3,6,4,10,Kin Mentee,No,Legal;Agriculture;Advertising/Marketing;Hospitality;Fashion;,4.0,7.0,154.0,67.0,188.0,192.0,44.0,185.0,58.0,168.0,74.0,113.0,0.0,12.0,77.0,166.0,79.0,,,,,,,,,,,,,,,,,,,
399,Male,3,10,6,2,Kin Mentee,Yes,Food and Beverage;,3.0,8.0,85.0,15.0,178.0,70.0,187.0,177.0,107.0,34.0,171.0,110.0,23.0,24.0,126.0,20.0,17.0,,,,,,,,,,,,,,,,,,,
