id,mentor_or_mentee,preference_1,preference_2,preference_3,preference_4,preference_5,preference_6,preference_7,preference_8,preference_9,preference_10,preference_11,preference_12,preference_13,preference_14,preference_15,industry,rank_1,rank_2,rank_3,rank_4,rank_5,rank_6,gender,gender_preference
0,mentor,57,33,108,148,85,64,83,153,17,142,125,51,184,69,104,Legal;,1,8,1,9,7,5,Male,Female
1,mentor,124,116,27,18,160,45,16,131,78,159,62,106,140,145,28,Agriculture;Media and News;Engineering;Human Resources;,8,9,3,4,8,3,Female,Female
2,mentor,112,71,69,172,118,110,52,141,104,105,171,36,181,103,44,Engineering;Government;Accounting;Consulting;Fashion;,4,7,8,2,8,9,Female,Nonbinary/Fluid/Gender Queer
3,mentor,14,67,134,148,110,114,102,25,64,141,100,169,71,172,163,Pharmaceutical;,6,8,6,7,3,1,Nonbinary/Fluid/Gender Queer,Female
4,mentor,28,76,93,5,25,108,56,151,103,41,132,156,197,43,195,Legal;,4,4,5,8,9,3,Nonbinary/Fluid/Gender Queer,Female
5,mentor,154,4,48,9,18,149,52,109,143,49,95,5,178,25,148,Arts and Design;Fashion;,1,5,4,5,9,8,Female,Female
6,mentor,3,191,19,18,90,13,112,34,155,76,44,72,41,135,139,Agriculture;Consulting;Human Resources;,7,8,1,6,3,1,Nonbinary/Fluid/Gender Queer,Female
7,mentor,192,69,102,159,188,150,124,149,176,147,137,145,135,106,161,Food and Beverage;,8,5,10,3,9,10,Male,Female
8,mentor,172,110,190,2,106,65,13,6,14,144,5,82,42,193,148,Media and News;Hospitality;Real Estate;Engineering;Consulting;,3,2,3,8,7,2,Nonbinary/Fluid/Gender Queer,Male
9,mentor,112,0,28,140,198,139,117,118,91,96,153,128,43,180,170,Other;Media and News;,8,9,9,2,3,2,Female,Female
10,mentor,125,121,157,135,14,98,71,19,33,27,4,193,196,59,12,Hospitality;,10,3,5,9,9,10,Male,Female
11,mentor,15,86,164,33,134,94,2,8,117,115,5,82,196,160,153,Entertainment;Accounting;,5,9,4,4,9,8,Nonbinary/Fluid/Gender Queer,Nonbinary/Fluid/Gender Queer
12,mentor,86,121,79,142,47,134,105,184,191,95,75,107,115,132,153,Healthcare;,6,8,5,4,7,1,Female,Male
13,mentor,167,65,97,51,29,125,59,35,157,84,102,118,193,83,174,Hospitality;Advertising/Marketing;Food and Beverage;Consulting;Entertainment;,3,8,5,7,1,5,Female,Male
14,mentor,57,90,37,165,130,50,85,13,51,20,133,52,141,92,179,Legal;Education;,7,1,3,4,7,1,Female,No Preference
15,mentor,86,1,130,99,151,71,149,188,121,59,42,173,90,182,82,Engineering;Entertainment;Human Resources;,6,4,6,5,10,8,Nonbinary/Fluid/Gender Queer,No Preference
16,mentor,67,34,145,28,9,196,180,4,199,60,101,136,123,39,124,Arts and Design;,3,10,1,4,3,7,Nonbinary/Fluid/Gender Queer,No Preference
17,mentor,108,135,31,79,44,28,34,72,38,169,63,53,98,67,177,Education;Aerospace;Agriculture;Advertising/Marketing;Engineering;,1,5,6,2,5,3,Female,Female
18,mentor,175,98,113,137,148,43,143,69,151,85,124,77,150,179,51,Engineering;,2,10,9,8,5,10,Female,Male
19,mentor,74,48,184,5,60,36,32,106,196,172,140,96,145,190,34,Finance;,5,9,3,5,3,4,Female,Male
20,mentor,39,187,3,7,31,185,46,40,183,96,43,132,179,180,106,Advertising/Marketing;Legal;Pharmaceutical;,7,10,1,10,3,7,Male,Male
21,mentor,23,121,66,81,78,157,37,75,176,108,142,172,76,88,151,Engineering;,6,5,5,1,10,7,Nonbinary/Fluid/Gender Queer,Nonbinary/Fluid/Gender Queer
22,mentor,145,161,41,8,47,42,16,159,191,61,54,31,36,167,176,Government;Human Resources;Healthcare;Entrepreneurship;Nonprofit;,9,6,4,7,7,5,Nonbinary/Fluid/Gender Queer,Nonbinary/Fluid/Gender Queer
23,mentor,76,15,166,131,124,106,187,63,83,86,174,156,78,143,0,Real Estate;Other;Finance;,4,9,4,6,4,10,Nonbinary/Fluid/Gender Queer,Male
24,mentor,121,85,25,73,186,106,53,112,7,144,98,31,199,184,27,Real Estate;Media and News;Fashion;Entrepreneurship;Aerospace;,6,5,1,6,1,4,Female,No Preference
25,mentor,6,89,197,91,178,16,82,188,21,113,62,196,29,34,149,Consulting;Healthcare;Education;Human Resources;Accounting;,1,2,6,10,4,9,Nonbinary/Fluid/Gender Queer,Nonbinary/Fluid/Gender Queer
26,mentor,177,16,191,29,67,165,112,181,77,184,4,190,62,144,178,Food and Beverage;Technology;Government;,10,6,5,9,3,7,Female,Male
27,mentor,181,187,135,188,152,114,52,195,92,142,0,104,26,162,141,Consulting;Agriculture;Advertising/Marketing;Technology;,5,3,10,7,10,5,Nonbinary/Fluid/Gender Queer,Nonbinary/Fluid/Gender Queer
28,mentor,134,127,150,155,83,116,143,60,95,36,105,177,141,198,23,Healthcare;Entertainment;Advertising/Marketing;,1,1,6,10,1,1,Nonbinary/Fluid/Gender Queer,Female
29,mentor,170,156,163,29,40,150,186,183,137,25,127,22,106,89,71,Legal;Real Estate;Healthcare;,5,2,3,4,6,8,Nonbinary/Fluid/Gender Queer,Nonbinary/Fluid/Gender Queer
30,mentor,123,126,194,35,170,59,49,132,7,171,141,18,131,14,195,Technology;Entertainment;,3,10,10,9,8,8,Male,Male
31,mentor,67,134,89,196,63,68,140,115,197,118,155,26,11,87,49,Other;Technology;Hospitality;Entrepreneurship;Aerospace;,5,2,9,7,10,7,Male,Nonbinary/Fluid/Gender Queer
32,mentor,147,127,160,12,55,137,84,94,167,72,117,7,135,58,76,Healthcare;Engineering;Hospitality;,10,2,10,3,2,2,Nonbinary/Fluid/Gender Queer,Nonbinary/Fluid/Gender Queer
33,mentor,139,120,74,166,140,182,63,58,198,143,160,10,137,36,4,Arts and Design;Accounting;Healthcare;Education;Technology;,7,2,5,8,1,5,Female,No Preference
34,mentor,181,134,67,40,192,130,7,151,184,197,123,31,106,187,64,Aerospace;Nonprofit;,6,6,1,3,2,5,Female,No Preference
35,mentor,169,29,16,75,150,90,1,106,40,36,114,80,47,84,189,Entrepreneurship;Technology;Entertainment;,2,3,3,8,1,3,Male,Nonbinary/Fluid/Gender Queer
36,mentor,129,33,86,135,196,188,76,118,21,40,69,103,116,194,140,Real Estate;Aerospace;,9,10,5,7,5,6,Nonbinary/Fluid/Gender Queer,Female
37,mentor,33,59,41,80,185,197,65,32,121,30,102,5,70,133,43,Human Resources;Engineering;Fashion;Legal;,9,10,6,1,5,2,Male,No Preference
38,mentor,39,42,188,126,68,75,178,175,19,6,154,137,73,187,195,Healthcare;Engineering;Government;Finance;,5,9,6,2,8,1,Male,Nonbinary/Fluid/Gender Queer
39,mentor,96,181,131,194,32,28,198,102,136,190,99,169,130,80,88,Education;Hospitality;Media and News;Nonprofit;Entrepreneurship;,2,10,2,6,6,3,Female,Female
40,mentor,71,106,179,159,123,196,69,142,36,136,145,125,62,87,98,Technology;Real Estate;Nonprofit;Fashion;,7,6,6,5,9,6,Female,No Preference
41,mentor,131,61,24,159,64,190,50,49,183,51,162,138,98,118,108,Hospitality;Finance;Other;Pharmaceutical;,10,5,4,4,9,4,Male,Female
42,mentor,54,193,126,174,18,36,143,154,70,113,47,131,35,68,104,Education;Fashion;,3,7,4,4,5,7,Male,Nonbinary/Fluid/Gender Queer
43,mentor,192,184,92,173,186,2,140,85,4,28,125,63,100,141,108,Hospitality;Real Estate;,8,4,7,8,4,7,Male,Nonbinary/Fluid/Gender Queer
44,mentor,188,82,108,90,80,117,43,159,45,114,146,122,152,133,184,Consulting;Legal;Government;Arts and Design;,8,1,2,1,9,9,Nonbinary/Fluid/Gender Queer,Female
45,mentor,114,196,69,145,79,10,101,126,75,150,28,151,164,169,136,Fashion;Entrepreneurship;Legal;Government;Human Resources;,3,2,1,5,3,8,Female,Female
46,mentor,193,123,99,186,90,135,124,72,52,144,76,194,73,166,53,Arts and Design;Finance;Media and News;Entrepreneurship;,2,9,9,10,8,7,Nonbinary/Fluid/Gender Queer,No Preference
47,mentor,118,170,129,181,49,21,160,175,62,194,171,74,77,138,122,Healthcare;Education;,10,10,2,8,1,9,Male,Female
48,mentor,165,180,9,27,43,18,113,173,192,137,77,67,189,88,157,Healthcare;Agriculture;,3,10,9,1,8,2,Female,No Preference
49,mentor,9,8,12,196,29,199,172,134,122,56,182,142,117,78,67,Pharmaceutical;Government;Other;Technology;,1,1,7,10,7,7,Male,Male
50,mentor,42,87,151,114,63,19,64,175,187,116,137,54,48,6,10,Finance;Real Estate;,9,4,3,3,1,9,Female,No Preference
51,mentor,57,173,75,193,4,102,134,73,138,130,14,191,116,163,91,Human Resources;Fashion;,3,7,7,2,9,7,Male,Nonbinary/Fluid/Gender Queer
52,mentor,177,36,61,174,110,27,166,11,158,187,189,108,48,69,18,Media and News;,3,2,1,3,5,7,Male,Nonbinary/Fluid/Gender Queer
53,mentor,6,179,100,42,70,30,68,71,111,93,134,44,146,122,84,Aerospace;Entrepreneurship;,9,6,3,1,6,8,Female,Nonbinary/Fluid/Gender Queer
54,mentor,146,107,64,139,97,176,32,98,25,136,157,16,65,3,133,Healthcare;Real Estate;Government;Pharmaceutical;,6,7,2,6,2,6,Nonbinary/Fluid/Gender Queer,No Preference
55,mentor,140,10,190,109,157,85,34,68,16,155,1,152,194,148,94,Nonprofit;Legal;,10,4,3,7,9,9,Male,Female
56,mentor,185,141,129,116,113,22,169,167,73,182,39,1,107,94,190,Other;Engineering;Fashion;,4,6,1,2,10,5,Nonbinary/Fluid/Gender Queer,No Preference
57,mentor,64,109,122,157,84,169,47,101,191,167,17,87,188,3,45,Entertainment;Finance;Consulting;,6,9,8,8,10,6,Female,Nonbinary/Fluid/Gender Queer
58,mentor,25,13,146,90,97,44,95,117,72,66,70,49,182,190,30,Accounting;Human Resources;,5,10,2,1,3,3,Male,No Preference
59,mentor,26,167,135,82,21,72,70,171,47,169,41,35,166,46,78,Advertising/Marketing;Human Resources;Aerospace;Engineering;Hospitality;,5,8,4,4,2,5,Female,Female
60,mentor,10,128,92,14,124,157,16,97,40,82,89,151,168,111,149,Hospitality;,2,1,7,6,9,6,Male,Female
61,mentor,55,23,119,166,82,86,162,137,114,46,3,196,192,115,69,Hospitality;Entertainment;,3,4,3,6,10,3,Female,Female
62,mentor,34,115,14,31,94,178,74,173,190,21,100,189,142,179,156,Finance;,3,8,8,3,2,8,Female,No Preference
63,mentor,189,146,127,48,129,117,149,180,193,84,119,165,164,177,183,Finance;Engineering;Nonprofit;,9,1,4,1,1,9,Nonbinary/Fluid/Gender Queer,Nonbinary/Fluid/Gender Queer
64,mentor,108,151,37,135,7,84,58,101,188,30,178,157,164,113,122,Accounting;,4,10,2,8,4,1,Female,Female
65,mentor,182,121,21,169,88,164,181,146,173,5,33,66,0,95,132,Hospitality;Human Resources;,3,5,9,6,5,10,Nonbinary/Fluid/Gender Queer,Nonbinary/Fluid/Gender Queer
66,mentor,171,56,147,58,149,119,70,88,66,131,133,144,138,63,27,Nonprofit;Food and Beverage;Finance;,9,9,2,9,4,10,Female,Male
67,mentor,78,6,130,79,124,55,150,181,23,188,76,21,34,71,17,Pharmaceutical;,5,7,5,8,9,9,Male,No Preference
68,mentor,32,66,64,43,62,124,35,126,128,1,53,96,165,108,147,Technology;,4,5,9,3,3,8,Female,Female
69,mentor,196,47,132,14,104,198,94,98,137,176,92,141,68,124,103,Advertising/Marketing;Hospitality;Healthcare;Agriculture;,1,7,1,6,4,2,Female,Female
70,mentor,92,161,13,126,162,196,77,86,190,22,12,26,53,57,36,Pharmaceutical;Legal;Human Resources;Government;Finance;,3,8,8,9,2,2,Nonbinary/Fluid/Gender Queer,Male
71,mentor,193,99,155,158,59,109,124,172,82,164,118,143,161,194,182,Accounting;Education;Finance;Engineering;,9,9,7,3,1,10,Male,Female
72,mentor,119,28,86,84,121,149,19,52,102,75,141,97,95,106,144,Nonprofit;,10,10,3,10,3,8,Female,Female
73,mentor,188,165,10,53,196,59,197,76,38,143,32,177,148,65,112,Other;Food and Beverage;Government;Fashion;Arts and Design;,3,9,6,4,5,3,Female,Nonbinary/Fluid/Gender Queer
74,mentor,47,164,156,125,92,93,195,48,19,49,190,136,29,163,117,Consulting;Finance;Aerospace;Entertainment;,8,5,3,1,6,8,Male,Male
75,mentor,8,12,59,198,192,173,131,159,187,164,151,167,60,72,9,Agriculture;Food and Beverage;,1,10,10,8,8,9,Nonbinary/Fluid/Gender Queer,Female
76,mentor,21,189,114,95,126,181,190,61,197,66,135,35,103,34,13,Entertainment;Food and Beverage;Hospitality;Other;,8,10,9,10,5,4,Male,No Preference
77,mentor,171,49,73,144,135,66,44,50,91,127,62,107,41,165,118,Entertainment;Real Estate;Advertising/Marketing;Engineering;,9,3,9,4,7,4,Nonbinary/Fluid/Gender Queer,Male
78,mentor,74,100,141,196,28,83,180,99,136,14,190,179,46,181,162,Technology;,3,10,8,6,2,7,Female,No Preference
79,mentor,121,55,78,4,43,133,117,184,71,164,50,10,24,122,34,Hospitality;Education;,9,10,6,1,2,3,Female,No Preference
80,mentor,74,16,133,197,65,154,149,111,191,83,169,63,176,61,13,Hospitality;Technology;Legal;,2,10,10,9,4,5,Nonbinary/Fluid/Gender Queer,No Preference
81,mentor,42,126,178,181,183,104,64,97,68,119,12,45,185,59,75,Real Estate;,6,3,9,2,6,7,Male,Male
82,mentor,79,165,158,115,60,101,199,129,81,82,28,71,116,23,187,Government;Consulting;,9,2,7,4,9,7,Nonbinary/Fluid/Gender Queer,Male
83,mentor,112,25,155,156,92,116,103,130,172,35,138,53,45,46,18,Entrepreneurship;Pharmaceutical;Hospitality;Government;Fashion;,5,6,6,8,2,8,Male,Male
84,mentor,22,96,81,134,110,156,167,55,149,72,47,60,141,62,127,Aerospace;Arts and Design;Accounting;Education;,4,1,3,6,1,10,Nonbinary/Fluid/Gender Queer,Male
85,mentor,171,156,30,194,126,49,14,113,73,122,50,192,144,130,170,Pharmaceutical;Consulting;Technology;Food and Beverage;Healthcare;,1,4,6,3,9,5,Male,Nonbinary/Fluid/Gender Queer
86,mentor,22,171,122,1,58,26,136,27,169,175,134,46,75,25,191,Media and News;,7,2,5,7,3,3,Male,Male
87,mentor,199,55,10,185,146,93,22,139,183,101,162,16,120,110,160,Entertainment;Agriculture;Human Resources;,7,10,4,10,5,2,Nonbinary/Fluid/Gender Queer,Female
88,mentor,183,195,172,12,63,37,8,147,143,117,126,6,146,9,137,Engineering;Media and News;Government;Real Estate;,2,8,5,3,6,9,Female,Female
89,mentor,174,97,177,16,93,52,131,56,106,55,118,186,51,68,34,Aerospace;Entertainment;Pharmaceutical;,9,4,1,2,4,10,Male,Male
90,mentor,41,94,115,44,142,81,42,109,119,66,65,145,170,91,40,Advertising/Marketing;Finance;Legal;Entertainment;,6,9,6,6,4,8,Female,Nonbinary/Fluid/Gender Queer
91,mentor,94,56,154,118,139,6,116,142,167,65,196,187,27,165,28,Pharmaceutical;Aerospace;Education;,8,1,8,5,6,7,Nonbinary/Fluid/Gender Queer,Nonbinary/Fluid/Gender Queer
92,mentor,193,134,199,58,44,5,97,95,56,1,187,108,174,75,162,Food and Beverage;Engineering;,4,10,3,6,3,1,Nonbinary/Fluid/Gender Queer,Nonbinary/Fluid/Gender Queer
93,mentor,115,21,48,112,54,55,155,34,179,78,11,186,37,128,157,Technology;,3,1,4,7,4,4,Male,Female
94,mentor,12,94,109,186,89,46,68,120,121,101,96,44,155,74,49,Aerospace;Engineering;Accounting;Education;Fashion;,1,8,3,9,2,1,Female,No Preference
95,mentor,196,112,21,130,61,53,2,52,95,74,118,126,101,123,72,Pharmaceutical;Aerospace;Entrepreneurship;,10,1,5,1,2,8,Female,Nonbinary/Fluid/Gender Queer
96,mentor,35,13,179,77,29,8,30,196,158,42,93,169,117,83,21,Aerospace;Entrepreneurship;Other;Agriculture;,2,8,4,10,1,7,Female,Male
97,mentor,136,196,169,7,199,67,70,87,167,139,71,41,9,15,52,Agriculture;Legal;Engineering;Pharmaceutical;,7,1,8,5,8,2,Male,Female
98,mentor,55,41,104,9,113,110,124,153,26,66,61,99,158,87,147,Real Estate;Technology;Fashion;Human Resources;Consulting;,5,9,4,5,6,2,Male,Male
99,mentor,81,1,123,89,135,91,21,186,39,19,140,138,8,182,113,Human Resources;,7,10,1,2,1,3,Nonbinary/Fluid/Gender Queer,No Preference
100,mentor,141,156,8,31,17,173,171,57,46,56,189,183,29,134,144,Agriculture;Entrepreneurship;Government;Hospitality;,10,10,10,2,4,4,Nonbinary/Fluid/Gender Queer,Male
101,mentor,189,50,139,186,127,52,26,134,196,54,163,141,130,13,160,Fashion;Engineering;,7,7,1,3,10,2,Nonbinary/Fluid/Gender Queer,Nonbinary/Fluid/Gender Queer
102,mentor,6,31,57,83,194,130,139,65,56,37,157,30,129,79,63,Technology;Other;Engineering;Government;,5,4,10,6,6,9,Male,No Preference
103,mentor,64,124,78,70,13,94,87,62,190,43,178,159,25,146,193,Engineering;Education;Hospitality;Aerospace;,6,3,4,9,9,10,Male,Male
104,mentor,188,75,125,49,79,98,181,68,164,35,26,165,27,22,169,Other;Government;Education;,4,8,9,1,6,8,Nonbinary/Fluid/Gender Queer,Male
105,mentor,148,66,46,168,143,135,187,24,130,199,73,2,71,112,75,Consulting;Entrepreneurship;Hospitality;Entertainment;Technology;,7,6,2,9,4,6,Nonbinary/Fluid/Gender Queer,Female
106,mentor,110,118,43,197,123,97,151,49,94,198,72,108,131,158,190,Advertising/Marketing;Fashion;Engineering;Other;,5,10,3,2,6,2,Male,Nonbinary/Fluid/Gender Queer
107,mentor,72,114,155,80,14,147,174,181,67,116,40,62,136,45,125,Legal;Agriculture;,6,8,4,10,8,7,Male,No Preference
108,mentor,197,38,157,154,91,153,106,11,5,39,140,84,164,65,185,Real Estate;Government;,9,9,8,1,6,2,Nonbinary/Fluid/Gender Queer,No Preference
109,mentor,25,161,165,107,73,149,71,97,49,72,78,131,190,3,68,Consulting;Pharmaceutical;Fashion;,4,7,9,6,3,9,Male,Nonbinary/Fluid/Gender Queer
110,mentor,36,176,184,15,79,133,17,122,146,51,116,71,99,153,121,Legal;Advertising/Marketing;Real Estate;,7,9,1,4,2,4,Female,No Preference
111,mentor,36,83,39,171,141,123,78,61,146,13,149,92,89,158,99,Government;Agriculture;,6,7,2,3,3,6,Nonbinary/Fluid/Gender Queer,Male
112,mentor,173,45,117,185,163,35,128,4,143,145,93,114,41,191,106,Finance;Education;Arts and Design;,7,10,4,4,4,1,Nonbinary/Fluid/Gender Queer,No Preference
113,mentor,184,7,112,75,121,59,150,106,146,181,21,28,170,115,187,Consulting;Real Estate;Entertainment;,10,1,9,9,10,2,Male,No Preference
114,mentor,94,77,138,11,179,135,124,172,42,183,35,69,98,115,121,Pharmaceutical;Media and News;,6,9,7,9,5,10,Female,Female
115,mentor,95,147,122,51,82,134,145,168,195,171,198,102,21,39,50,Aerospace;Consulting;Entertainment;,1,4,3,1,2,2,Nonbinary/Fluid/Gender Queer,Male
116,mentor,66,104,6,99,140,39,125,196,89,94,0,141,13,22,170,Entrepreneurship;,4,4,5,5,3,2,Nonbinary/Fluid/Gender Queer,Nonbinary/Fluid/Gender Queer
117,mentor,51,87,154,19,129,29,114,18,64,120,78,121,4,181,50,Agriculture;Accounting;,10,6,1,5,2,4,Nonbinary/Fluid/Gender Queer,No Preference
118,mentor,184,96,66,9,7,178,124,71,160,18,98,158,32,153,150,Accounting;Government;Engineering;Media and News;,10,1,5,5,4,9,Male,No Preference
119,mentor,2,42,47,194,199,57,133,17,0,111,12,151,93,29,185,Accounting;,9,8,2,9,1,5,Female,No Preference
120,mentor,26,155,2,124,80,92,22,162,45,9,19,20,168,113,116,Nonprofit;Healthcare;Legal;Education;,9,5,8,2,10,10,Nonbinary/Fluid/Gender Queer,Nonbinary/Fluid/Gender Queer
121,mentor,127,77,124,170,91,57,63,59,196,26,87,188,125,183,159,Accounting;Arts and Design;Fashion;Finance;Engineering;,6,3,5,8,8,6,Female,No Preference
122,mentor,18,80,126,65,159,77,174,45,178,155,151,148,9,56,76,Legal;Healthcare;Food and Beverage;,1,6,10,1,2,2,Female,Nonbinary/Fluid/Gender Queer
123,mentor,14,181,195,51,185,76,44,11,80,116,50,67,43,12,142,Arts and Design;Advertising/Marketing;Entertainment;,10,2,7,3,1,7,Nonbinary/Fluid/Gender Queer,No Preference
124,mentor,87,5,144,159,169,40,192,58,146,127,96,110,72,73,88,Engineering;,1,9,1,7,6,2,Female,Male
125,mentor,184,153,152,54,102,117,3,0,64,137,143,123,70,178,17,Advertising/Marketing;,10,7,6,8,1,8,Male,Male
126,mentor,28,14,103,134,138,105,75,73,108,22,2,190,6,57,26,Advertising/Marketing;Nonprofit;,8,10,8,3,7,7,Female,No Preference
127,mentor,170,139,115,140,118,22,59,145,72,189,193,54,180,101,73,Technology;Accounting;Media and News;Legal;,1,3,7,4,6,2,Nonbinary/Fluid/Gender Queer,Nonbinary/Fluid/Gender Queer
128,mentor,30,33,144,94,91,124,181,125,63,74,151,112,132,156,41,Consulting;Government;,1,2,2,1,4,7,Nonbinary/Fluid/Gender Queer,No Preference
129,mentor,133,72,41,83,165,24,123,160,99,38,93,23,82,117,46,Education;,3,3,7,3,4,10,Male,Female
130,mentor,73,56,41,147,121,122,42,128,154,38,167,53,104,155,113,Legal;Healthcare;Accounting;Agriculture;Other;,10,10,4,1,9,2,Male,Nonbinary/Fluid/Gender Queer
131,mentor,34,177,60,21,11,153,164,98,113,45,44,120,83,49,134,Consulting;Accounting;,3,3,3,6,4,2,Nonbinary/Fluid/Gender Queer,Male
132,mentor,23,122,137,142,30,132,146,123,98,14,175,7,133,22,156,Engineering;Nonprofit;Arts and Design;Human Resources;Government;,10,10,9,3,6,10,Female,Male
133,mentor,20,148,29,119,79,1,44,86,17,64,45,125,78,33,10,Media and News;Hospitality;Advertising/Marketing;Real Estate;,10,7,3,10,5,6,Male,Nonbinary/Fluid/Gender Queer
134,mentor,33,76,23,100,34,41,47,50,181,191,40,68,137,143,122,Entrepreneurship;Technology;,5,7,5,3,3,5,Female,Male
135,mentor,76,53,85,22,118,174,114,10,191,19,95,64,54,154,133,Nonprofit;Other;,4,5,10,10,6,2,Female,No Preference
136,mentor,94,62,33,148,22,92,4,27,193,109,52,60,83,150,163,Fashion;Pharmaceutical;,4,2,9,4,10,9,Male,Female
137,mentor,29,195,88,163,90,139,47,48,171,128,119,92,34,142,95,Finance;,6,2,2,9,6,1,Female,Female
138,mentor,144,40,128,194,36,173,164,126,116,158,98,90,119,175,57,Government;Entrepreneurship;Accounting;,2,9,7,2,2,4,Nonbinary/Fluid/Gender Queer,No Preference
139,mentor,161,48,120,199,103,107,197,157,110,132,79,12,144,5,42,Hospitality;Healthcare;Media and News;Engineering;Government;,6,6,8,5,4,9,Female,Nonbinary/Fluid/Gender Queer
140,mentor,186,180,31,102,2,9,55,197,149,171,127,192,63,59,124,Entertainment;Legal;Healthcare;Consulting;,7,4,2,7,9,8,Female,Female
141,mentor,87,78,33,101,81,187,148,10,11,91,34,100,165,25,67,Entrepreneurship;Human Resources;Legal;,6,5,7,10,3,8,Male,Female
142,mentor,199,34,172,195,182,144,66,136,37,156,58,157,19,95,87,Consulting;Food and Beverage;Government;Fashion;,4,7,3,1,1,1,Female,Female
143,mentor,135,197,178,59,114,60,43,147,142,164,172,158,50,71,82,Government;Human Resources;Accounting;Aerospace;,6,1,9,3,5,4,Nonbinary/Fluid/Gender Queer,Female
144,mentor,173,145,21,31,121,161,143,76,16,54,162,94,0,25,80,Education;Entertainment;,4,4,9,7,6,9,Nonbinary/Fluid/Gender Queer,Male
145,mentor,125,137,101,198,102,159,130,156,16,188,97,24,114,163,79,Food and Beverage;Education;Healthcare;,8,6,3,3,4,3,Male,Male
146,mentor,81,33,9,120,101,82,4,142,153,47,198,190,188,32,160,Human Resources;Other;,7,10,9,1,9,3,Nonbinary/Fluid/Gender Queer,Female
147,mentor,79,66,60,105,126,104,157,34,4,110,64,193,152,11,199,Engineering;Fashion;,3,9,7,9,4,2,Nonbinary/Fluid/Gender Queer,Male
148,mentor,80,0,160,191,197,34,179,101,66,132,14,102,9,134,36,Finance;Nonprofit;Arts and Design;,7,6,4,2,8,1,Male,No Preference
149,mentor,34,89,112,0,151,1,160,180,174,79,179,121,51,6,97,Real Estate;Media and News;Food and Beverage;Engineering;Aerospace;,9,7,4,9,4,8,Male,Nonbinary/Fluid/Gender Queer
150,mentor,107,70,133,80,190,78,2,28,30,104,191,63,25,126,157,Other;Accounting;Legal;Food and Beverage;Nonprofit;,6,4,3,6,8,5,Male,Female
151,mentor,64,73,145,4,87,146,88,19,95,116,197,114,43,108,189,Fashion;Entertainment;Human Resources;Entrepreneurship;Food and Beverage;,4,10,4,8,6,3,Nonbinary/Fluid/Gender Queer,Female
152,mentor,108,184,130,173,117,17,166,194,36,141,46,3,75,25,56,Aerospace;Other;Finance;,9,9,8,6,4,5,Female,Female
153,mentor,136,24,67,134,97,32,150,105,49,38,148,179,33,164,30,Entertainment;Hospitality;Advertising/Marketing;Nonprofit;Entrepreneurship;,1,7,1,4,3,5,Female,No Preference
154,mentor,49,151,6,104,152,102,179,56,46,145,2,114,191,125,29,Food and Beverage;Healthcare;,5,10,3,9,7,9,Female,Nonbinary/Fluid/Gender Queer
155,mentor,22,97,129,5,52,113,175,184,163,25,118,157,61,95,135,Fashion;Engineering;Technology;Entertainment;,8,10,9,2,7,8,Nonbinary/Fluid/Gender Queer,Female
156,mentor,68,120,91,49,147,143,175,55,9,14,32,21,26,122,188,Aerospace;Fashion;,9,1,3,6,7,7,Nonbinary/Fluid/Gender Queer,Nonbinary/Fluid/Gender Queer
157,mentor,48,1,39,160,166,132,15,57,171,33,94,186,87,52,191,Agriculture;Consulting;Aerospace;,6,9,7,8,8,5,Female,No Preference
158,mentor,121,196,32,27,58,167,101,154,178,54,21,33,88,64,80,Hospitality;Arts and Design;Entrepreneurship;Pharmaceutical;,3,2,2,7,6,1,Female,Nonbinary/Fluid/Gender Queer
159,mentor,83,14,68,16,105,4,197,1,146,154,53,132,23,133,110,Pharmaceutical;Accounting;Aerospace;Education;Consulting;,6,4,6,8,2,9,Male,Nonbinary/Fluid/Gender Queer
160,mentor,46,44,188,112,182,126,107,78,68,26,186,29,163,35,115,Government;Media and News;Entertainment;,10,1,8,3,6,4,Male,Nonbinary/Fluid/Gender Queer
161,mentor,30,167,46,22,1,137,194,143,66,149,183,192,169,171,163,Nonprofit;Agriculture;Human Resources;Accounting;Technology;,8,3,8,7,10,2,Female,No Preference
162,mentor,43,1,132,123,71,130,13,94,142,49,134,196,105,139,198,Technology;,7,4,7,2,8,6,Male,Nonbinary/Fluid/Gender Queer
163,mentor,119,104,30,153,14,57,39,91,118,47,183,40,149,13,187,Arts and Design;Aerospace;Food and Beverage;Entertainment;,8,6,10,3,5,7,Nonbinary/Fluid/Gender Queer,Female
164,mentor,22,162,144,114,104,96,108,154,38,47,184,111,7,80,74,Other;Entrepreneurship;Technology;Human Resources;,4,3,3,7,8,1,Nonbinary/Fluid/Gender Queer,Female
165,mentor,72,197,183,65,132,20,186,40,102,196,26,141,190,181,180,Aerospace;Human Resources;Pharmaceutical;Advertising/Marketing;Accounting;,6,1,6,1,9,2,Male,Male
166,mentor,40,48,33,142,34,190,104,59,115,182,5,57,101,146,106,Entertainment;Food and Beverage;,7,8,4,9,10,2,Female,Nonbinary/Fluid/Gender Queer
167,mentor,151,82,157,116,5,4,115,192,22,44,102,75,103,141,92,Real Estate;Other;Media and News;,2,10,9,7,9,2,Nonbinary/Fluid/Gender Queer,Female
168,mentor,96,61,141,0,90,13,35,36,145,199,165,5,180,188,56,Entrepreneurship;Arts and Design;,4,8,5,8,4,4,Nonbinary/Fluid/Gender Queer,Female
169,mentor,13,93,189,18,128,85,41,108,196,127,15,198,182,60,98,Media and News;Hospitality;,9,9,8,3,2,2,Nonbinary/Fluid/Gender Queer,Female
170,mentor,149,179,73,47,43,107,74,162,88,2,102,94,188,125,96,Human Resources;Aerospace;Education;,10,10,7,1,2,2,Nonbinary/Fluid/Gender Queer,No Preference
171,mentor,196,132,47,82,7,46,170,158,96,162,2,3,26,81,142,Technology;Arts and Design;,4,10,7,8,2,2,Nonbinary/Fluid/Gender Queer,No Preference
172,mentor,158,10,102,181,68,177,70,57,111,81,198,90,113,42,72,Agriculture;Technology;Human Resources;Other;Arts and Design;,6,5,8,7,6,5,Nonbinary/Fluid/Gender Queer,Male
173,mentor,74,38,43,6,143,129,192,127,166,117,112,169,176,3,102,Agriculture;Hospitality;Engineering;Accounting;,8,7,8,5,10,4,Female,Nonbinary/Fluid/Gender Queer
174,mentor,38,15,145,111,66,31,45,155,55,112,64,105,58,187,50,Entrepreneurship;Entertainment;,5,10,5,4,7,2,Nonbinary/Fluid/Gender Queer,No Preference
175,mentor,139,99,72,154,73,164,171,194,48,103,83,145,35,114,101,Legal;Media and News;Real Estate;,9,3,8,1,2,8,Nonbinary/Fluid/Gender Queer,Nonbinary/Fluid/Gender Queer
176,mentor,127,68,169,54,141,15,147,85,198,166,31,51,110,104,71,Entrepreneurship;Engineering;,5,10,10,3,7,2,Male,Nonbinary/Fluid/Gender Queer
177,mentor,173,168,17,125,64,134,132,121,81,32,187,149,129,1,12,Real Estate;Entertainment;Advertising/Marketing;,2,1,9,7,7,6,Male,No Preference
178,mentor,99,196,180,193,8,155,135,91,126,190,30,49,70,81,20,Aerospace;,1,3,2,4,4,4,Nonbinary/Fluid/Gender Queer,Nonbinary/Fluid/Gender Queer
179,mentor,11,105,121,82,130,26,31,60,43,37,159,51,42,171,91,Entertainment;Entrepreneurship;Legal;Aerospace;Arts and Design;,6,8,7,8,4,10,Male,Nonbinary/Fluid/Gender Queer
180,mentor,51,125,128,57,87,98,159,163,94,76,15,50,168,187,193,Consulting;Education;,9,5,1,6,4,1,Nonbinary/Fluid/Gender Queer,Female
181,mentor,42,27,38,86,103,32,190,26,57,139,20,91,191,174,169,Aerospace;Pharmaceutical;,5,9,5,8,7,9,Nonbinary/Fluid/Gender Queer,Female
182,mentor,115,6,190,154,166,111,42,32,128,95,3,18,186,144,161,Finance;Nonprofit;Government;Entrepreneurship;Human Resources;,9,2,6,2,7,7,Female,Female
183,mentor,42,133,158,67,6,99,194,136,58,155,35,15,21,48,102,Government;Human Resources;Aerospace;,2,8,9,2,2,4,Male,Male
184,mentor,66,170,105,29,63,133,145,70,51,135,114,188,176,14,80,Media and News;Nonprofit;Accounting;Real Estate;,1,6,4,8,5,1,Male,No Preference
185,mentor,66,92,82,3,195,113,67,94,1,33,83,129,29,143,108,Pharmaceutical;Education;,6,7,3,10,4,3,Female,Male
186,mentor,153,190,99,149,4,188,87,1,71,197,140,143,151,33,192,Real Estate;,7,3,4,5,6,5,Male,No Preference
187,mentor,27,103,105,122,47,53,137,157,140,86,59,71,94,199,34,Real Estate;Food and Beverage;Pharmaceutical;Advertising/Marketing;,5,6,8,1,7,4,Nonbinary/Fluid/Gender Queer,No Preference
188,mentor,109,181,91,103,98,28,140,1,70,180,61,115,154,51,37,Real Estate;Agriculture;Aerospace;Fashion;,8,9,7,6,1,9,Female,No Preference
189,mentor,107,76,9,49,20,46,28,183,83,67,187,192,175,182,157,Food and Beverage;Education;Healthcare;,2,9,9,8,2,5,Female,No Preference
190,mentor,89,120,0,8,171,186,42,196,189,183,175,65,38,63,85,Finance;Real Estate;,1,9,10,2,6,4,Nonbinary/Fluid/Gender Queer,Female
191,mentor,12,125,34,158,30,132,2,53,172,106,25,105,185,60,73,Arts and Design;Technology;Accounting;,3,8,1,8,8,10,Male,Nonbinary/Fluid/Gender Queer
192,mentor,193,107,29,172,50,191,57,143,59,185,66,196,153,165,140,Accounting;,8,7,10,9,3,9,Female,Male
193,mentor,71,102,30,172,140,54,113,110,161,151,64,27,28,184,3,Engineering;Entertainment;Aerospace;,10,4,7,8,5,4,Male,Nonbinary/Fluid/Gender Queer
194,mentor,131,54,128,153,107,67,26,142,164,65,30,60,151,185,138,Aerospace;,8,9,9,8,6,2,Female,No Preference
195,mentor,187,183,190,133,105,10,199,7,132,22,70,147,80,109,66,Agriculture;,10,7,9,6,5,3,Male,Nonbinary/Fluid/Gender Queer
196,mentor,59,80,118,20,2,107,57,106,22,98,157,42,69,95,37,Entrepreneurship;Hospitality;,9,10,9,6,7,1,Female,Male
197,mentor,102,66,144,118,16,126,148,107,94,197,120,133,4,139,86,Technology;,2,5,3,4,6,10,Male,Male
198,mentor,189,140,48,101,104,162,35,21,1,38,19,175,156,85,134,Entertainment;Media and News;,6,7,6,8,6,5,Nonbinary/Fluid/Gender Queer,Female
199,mentor,38,9,158,165,176,150,198,23,116,82,29,57,49,112,161,Entertainment;,7,6,7,9,1,1,Nonbinary/Fluid/Gender Queer,Male
0,mentee,25,5,139,27,134,162,82,2,80,66,199,106,147,131,119,Engineering;,9,9,7,1,1,7,Male,Male
1,mentee,186,127,96,138,161,86,16,157,6,188,76,78,43,55,33,Education;,3,5,7,4,7,3,Nonbinary/Fluid/Gender Queer,No Preference
2,mentee,115,60,7,194,47,22,105,162,36,38,78,138,9,74,136,Finance;Education;Real Estate;Legal;Engineering;,1,8,9,1,7,10,Male,No Preference
3,mentee,15,70,124,147,184,67,19,125,171,105,37,166,34,41,21,Human Resources;Hospitality;Education;,2,1,4,8,1,9,Female,Male
4,mentee,175,93,135,188,151,168,104,100,52,74,60,3,114,129,122,Food and Beverage;Pharmaceutical;Hospitality;Consulting;,3,6,4,2,8,1,Male,No Preference
5,mentee,125,69,199,33,41,149,49,50,152,53,132,64,126,4,178,Agriculture;Accounting;Finance;,4,7,2,2,8,6,Female,Female
6,mentee,101,129,35,168,151,113,97,68,48,136,163,72,4,137,52,Media and News;Education;Arts and Design;Accounting;,3,3,5,5,8,5,Male,No Preference
7,mentee,65,5,145,37,105,152,46,39,73,163,124,147,10,144,75,Media and News;,9,3,4,6,4,10,Male,Male
8,mentee,61,63,102,128,66,10,86,27,165,110,163,180,20,41,133,Media and News;Real Estate;Hospitality;Technology;Legal;,2,2,10,8,2,5,Male,No Preference
9,mentee,93,94,138,65,174,59,85,158,39,172,51,90,70,181,60,Pharmaceutical;Hospitality;Technology;Engineering;Nonprofit;,8,3,7,2,6,5,Male,No Preference
10,mentee,13,119,29,7,101,46,41,36,3,84,8,149,191,163,186,Food and Beverage;,3,2,1,8,2,5,Nonbinary/Fluid/Gender Queer,Female
11,mentee,25,113,196,14,138,131,108,49,103,173,26,156,24,115,15,Hospitality;Agriculture;Entrepreneurship;Human Resources;,7,9,1,7,1,9,Female,No Preference
12,mentee,111,69,92,173,167,191,51,182,123,178,87,136,157,139,148,Agriculture;Technology;Aerospace;Advertising/Marketing;,1,3,10,2,6,6,Male,No Preference
13,mentee,83,140,176,89,1,58,145,43,14,29,153,135,94,175,65,Advertising/Marketing;Entrepreneurship;Government;Agriculture;Real Estate;,7,6,4,6,3,7,Male,No Preference
14,mentee,128,146,35,6,114,147,126,124,143,171,162,129,195,45,198,Nonprofit;,3,4,4,4,9,3,Male,Male
15,mentee,93,162,60,189,153,135,88,137,40,160,30,120,50,68,34,Finance;Education;Entertainment;Accounting;,6,3,3,5,7,5,Female,No Preference
16,mentee,127,100,69,154,144,198,9,98,57,168,191,47,12,64,132,Technology;Education;Advertising/Marketing;Government;,6,5,7,4,7,9,Female,Female
17,mentee,168,57,62,76,1,88,196,41,92,175,54,126,66,39,157,Engineering;,3,3,5,1,6,2,Female,Female
18,mentee,166,15,106,17,118,37,11,19,47,52,27,90,149,115,41,Finance;Nonprofit;Pharmaceutical;Fashion;Engineering;,2,5,3,6,9,7,Female,No Preference
19,mentee,198,182,49,20,76,101,47,94,84,23,175,73,113,189,83,Human Resources;,6,4,3,5,8,10,Male,No Preference
20,mentee,127,69,45,34,118,26,52,32,114,130,197,95,190,66,46,Technology;Nonprofit;,6,6,8,4,3,6,Male,Male
21,mentee,169,196,154,24,82,38,21,58,13,166,41,190,87,133,98,Nonprofit;Pharmaceutical;,6,5,2,6,6,1,Male,No Preference
22,mentee,11,102,147,98,96,53,45,85,54,94,2,9,168,182,144,Engineering;Legal;Technology;Pharmaceutical;,2,10,2,1,8,8,Male,No Preference
23,mentee,199,163,59,100,48,57,12,24,158,141,121,192,21,51,76,Education;Entertainment;Agriculture;Advertising/Marketing;Pharmaceutical;,6,5,6,9,10,10,Male,No Preference
24,mentee,167,35,55,148,69,179,46,43,49,95,146,192,153,185,72,Agriculture;Media and News;Legal;,10,8,9,2,10,1,Male,Male
25,mentee,47,36,27,68,11,79,72,138,110,193,21,168,45,33,67,Advertising/Marketing;Food and Beverage;Legal;Arts and Design;,1,2,9,4,6,9,Female,No Preference
26,mentee,107,90,45,53,161,13,190,61,3,167,51,134,15,92,47,Education;Government;Other;Human Resources;,4,1,5,5,5,8,Female,Female
27,mentee,69,19,183,121,167,192,92,40,137,83,39,103,135,59,58,Human Resources;Agriculture;Fashion;Aerospace;,1,7,5,4,4,7,Male,No Preference
28,mentee,167,116,0,148,126,160,62,54,65,139,34,35,165,123,176,Pharmaceutical;Government;,6,9,10,2,10,8,Male,No Preference
29,mentee,67,57,161,165,130,158,93,113,68,64,43,76,147,104,24,Entrepreneurship;Technology;,8,5,9,2,3,9,Female,Male
30,mentee,162,24,40,102,124,144,170,178,194,175,132,88,78,5,126,Technology;Nonprofit;Aerospace;,3,2,4,10,9,3,Female,No Preference
31,mentee,127,128,94,90,55,42,67,152,120,36,97,49,163,106,111,Aerospace;Education;Government;Hospitality;,7,2,9,7,5,3,Male,Nonbinary/Fluid/Gender Queer
32,mentee,10,23,80,0,34,96,54,172,142,129,102,176,41,51,81,Advertising/Marketing;Legal;Education;Consulting;,9,8,4,4,1,4,Female,No Preference
33,mentee,50,148,140,150,153,144,58,199,45,13,128,136,115,180,47,Technology;Fashion;Engineering;Finance;Accounting;,2,10,3,3,5,8,Male,No Preference
34,mentee,172,163,147,76,139,116,133,14,113,101,136,51,130,182,99,Entrepreneurship;Entertainment;Arts and Design;,4,3,9,6,7,4,Male,Nonbinary/Fluid/Gender Queer
35,mentee,176,153,117,182,189,148,175,77,106,55,136,91,44,155,34,Pharmaceutical;Engineering;Food and Beverage;Advertising/Marketing;,8,8,5,3,5,4,Female,Nonbinary/Fluid/Gender Queer
36,mentee,182,189,84,46,137,96,15,114,188,88,83,173,109,150,0,Nonprofit;,6,10,8,6,8,2,Nonbinary/Fluid/Gender Queer,Male
37,mentee,51,79,76,36,86,83,195,103,81,104,170,115,56,130,180,Pharmaceutical;Media and News;Accounting;,2,9,5,4,6,1,Female,Female
38,mentee,22,109,196,102,135,77,171,106,39,85,100,140,198,6,107,Consulting;,6,8,10,2,8,7,Male,Male
39,mentee,161,153,162,177,169,40,89,41,102,2,156,133,125,189,92,Arts and Design;Fashion;Media and News;,1,1,6,5,8,7,Female,No Preference
40,mentee,128,184,78,103,34,42,199,28,196,53,137,73,41,65,30,Education;,6,1,3,10,5,10,Nonbinary/Fluid/Gender Queer,No Preference
41,mentee,51,194,170,82,49,186,164,149,152,78,181,38,23,80,127,Media and News;Food and Beverage;Technology;,8,5,4,7,8,10,Male,No Preference
42,mentee,139,176,129,63,98,16,25,184,164,46,73,178,27,169,193,Pharmaceutical;Food and Beverage;,9,9,2,9,10,3,Female,Female
43,mentee,94,24,114,126,177,154,129,127,96,48,194,51,106,77,109,Finance;Aerospace;Hospitality;Entertainment;Real Estate;,2,2,1,7,8,5,Female,No Preference
44,mentee,3,195,165,184,74,112,48,39,145,164,109,174,57,160,12,Entrepreneurship;,10,10,4,5,10,3,Nonbinary/Fluid/Gender Queer,Male
45,mentee,51,58,15,153,116,179,95,196,106,112,77,96,156,54,53,Pharmaceutical;Legal;Human Resources;Government;Healthcare;,3,7,4,9,3,10,Male,Female
46,mentee,119,18,86,143,38,185,20,162,172,36,102,84,193,110,24,Food and Beverage;Engineering;Entrepreneurship;,10,1,4,7,6,7,Female,No Preference
47,mentee,43,107,120,34,39,84,141,178,22,156,168,80,82,74,65,Consulting;,3,1,2,9,6,4,Male,Female
48,mentee,118,17,165,157,190,26,47,132,129,52,140,43,98,173,6,Nonprofit;Accounting;Consulting;Food and Beverage;Aerospace;,3,5,9,7,7,8,Female,Male
49,mentee,19,2,149,71,16,171,87,142,188,18,156,154,145,55,186,Government;Legal;Agriculture;Nonprofit;,5,4,9,7,2,1,Male,Female
50,mentee,105,93,29,4,17,34,35,176,185,18,154,76,69,78,85,Technology;Accounting;,10,10,1,5,5,2,Female,No Preference
51,mentee,33,146,90,36,124,129,191,88,101,92,114,143,97,29,37,Entrepreneurship;Media and News;Arts and Design;,10,10,8,6,5,2,Nonbinary/Fluid/Gender Queer,No Preference
52,mentee,176,168,171,163,55,135,2,59,164,139,158,33,100,186,87,Hospitality;Agriculture;,4,3,6,2,7,10,Male,Female
53,mentee,11,168,133,125,43,149,42,40,187,193,158,9,197,89,3,Entrepreneurship;,7,8,4,10,9,1,Male,No Preference
54,mentee,67,193,77,39,80,179,101,37,76,149,4,192,151,122,3,Agriculture;Real Estate;Education;Entertainment;,2,5,10,5,4,9,Female,No Preference
55,mentee,126,94,71,182,158,95,97,150,171,129,19,166,51,134,89,Legal;Aerospace;,7,5,6,10,7,5,Female,No Preference
56,mentee,125,75,97,199,56,187,27,183,174,12,128,139,107,78,48,Healthcare;,1,5,2,4,10,1,Female,No Preference
57,mentee,65,18,178,103,174,25,120,117,32,54,62,40,96,119,13,Arts and Design;Fashion;,4,1,10,10,2,4,Female,Female
58,mentee,126,23,134,120,32,83,71,95,64,38,127,13,184,81,3,Advertising/Marketing;Consulting;Other;Real Estate;,3,1,1,2,4,10,Female,No Preference
59,mentee,188,150,59,60,44,115,82,29,30,128,25,123,1,136,118,Human Resources;Accounting;,10,10,6,6,8,8,Male,Female
60,mentee,85,88,142,45,186,114,106,192,118,1,62,65,4,67,167,Media and News;Legal;,9,8,8,8,1,8,Male,Nonbinary/Fluid/Gender Queer
61,mentee,190,53,199,56,154,40,159,41,88,118,77,2,141,162,128,Consulting;,8,3,9,3,2,1,Nonbinary/Fluid/Gender Queer,No Preference
62,mentee,89,53,103,151,85,24,29,31,14,125,57,131,7,138,13,Legal;,2,8,10,9,5,5,Male,Male
63,mentee,139,125,30,0,166,58,140,172,175,77,17,101,66,121,116,Advertising/Marketing;Legal;,4,3,8,3,2,10,Nonbinary/Fluid/Gender Queer,No Preference
64,mentee,128,120,90,111,30,85,105,138,166,149,39,91,123,154,86,Legal;Agriculture;Real Estate;,8,5,6,10,2,6,Nonbinary/Fluid/Gender Queer,Nonbinary/Fluid/Gender Queer
65,mentee,153,50,130,184,126,46,115,189,103,113,137,198,172,8,136,Entertainment;,6,6,8,4,7,6,Female,Nonbinary/Fluid/Gender Queer
66,mentee,28,132,99,71,109,167,159,86,52,46,137,154,117,54,17,Nonprofit;Education;Real Estate;Technology;Pharmaceutical;,9,1,4,7,10,10,Male,Male
67,mentee,174,56,116,131,33,133,176,5,4,59,159,44,125,196,115,Media and News;Consulting;Pharmaceutical;Agriculture;Education;,4,7,6,3,8,6,Nonbinary/Fluid/Gender Queer,No Preference
68,mentee,91,171,4,198,50,151,68,108,128,193,99,51,82,45,140,Finance;Entertainment;Consulting;Media and News;,6,10,7,5,4,5,Male,No Preference
69,mentee,147,10,77,53,6,42,194,167,47,4,155,178,134,139,75,Hospitality;Food and Beverage;Advertising/Marketing;Media and News;Entrepreneurship;,6,10,8,9,5,9,Female,No Preference
70,mentee,177,105,78,178,141,48,75,186,66,16,151,130,140,83,144,Aerospace;Nonprofit;Fashion;,9,10,9,2,4,7,Male,No Preference
71,mentee,60,163,182,140,118,47,129,108,160,143,81,42,52,193,179,Healthcare;Agriculture;,4,4,6,4,3,6,Female,No Preference
72,mentee,7,14,110,189,72,73,17,96,32,89,195,45,12,95,68,Technology;Government;Entrepreneurship;Nonprofit;Aerospace;,3,9,2,10,3,8,Female,No Preference
73,mentee,177,161,118,38,171,156,22,23,95,6,162,189,45,126,167,Healthcare;Hospitality;Government;,1,4,5,1,1,3,Female,No Preference
74,mentee,48,181,177,12,41,135,117,79,170,138,146,124,167,78,122,Healthcare;Real Estate;Engineering;Education;Entertainment;,9,2,9,6,8,1,Nonbinary/Fluid/Gender Queer,Male
75,mentee,23,26,113,53,189,157,41,60,55,86,19,1,71,76,163,Healthcare;Real Estate;,1,1,8,8,7,4,Female,No Preference
76,mentee,133,125,135,8,177,7,141,128,4,64,37,185,88,17,45,Arts and Design;Media and News;,8,6,9,6,6,10,Female,No Preference
77,mentee,134,152,50,168,84,81,109,5,130,139,83,103,8,79,36,Arts and Design;,1,8,1,3,1,3,Female,Female
78,mentee,145,176,58,6,72,180,106,165,174,177,148,28,157,42,76,Pharmaceutical;Consulting;Human Resources;Engineering;Accounting;,8,6,7,4,2,9,Male,Male
79,mentee,95,33,58,106,153,32,120,181,171,182,69,141,155,66,10,Real Estate;,9,2,6,1,5,4,Female,No Preference
80,mentee,154,190,56,0,26,53,152,186,68,98,128,6,1,103,60,Arts and Design;Other;Hospitality;,1,4,1,9,1,1,Female,Female
81,mentee,40,47,146,2,140,35,62,52,150,172,142,64,136,110,51,Engineering;,7,7,10,5,2,5,Female,Male
82,mentee,37,161,156,82,69,179,181,42,159,31,39,74,155,63,123,Entertainment;Finance;Education;,8,3,7,1,3,7,Female,Female
83,mentee,64,148,4,132,189,173,199,194,175,86,113,97,165,191,115,Finance;Education;,8,1,1,4,6,3,Male,No Preference
84,mentee,80,117,71,63,131,59,159,57,158,12,125,167,194,36,86,Real Estate;,3,5,9,10,7,1,Male,Female
85,mentee,182,39,187,83,38,183,142,181,185,193,163,122,156,119,10,Engineering;Aerospace;,7,6,1,6,3,4,Nonbinary/Fluid/Gender Queer,Male
86,mentee,194,78,190,153,181,48,15,7,141,186,182,51,150,140,170,Media and News;Legal;Food and Beverage;,5,5,5,9,5,10,Nonbinary/Fluid/Gender Queer,Nonbinary/Fluid/Gender Queer
87,mentee,114,159,146,7,15,58,6,1,57,100,39,65,68,81,105,Entertainment;,3,7,7,1,1,6,Female,No Preference
88,mentee,48,12,191,142,126,149,57,82,114,123,121,29,10,50,162,Human Resources;,1,6,9,3,1,9,Male,Male
89,mentee,1,44,2,92,30,124,3,147,128,111,105,120,191,21,6,Technology;Entrepreneurship;,5,5,5,5,9,9,Female,No Preference
90,mentee,129,19,0,40,100,3,158,63,157,82,185,138,61,98,72,Engineering;Pharmaceutical;,6,6,3,8,4,10,Female,No Preference
91,mentee,22,31,191,133,119,156,6,143,154,95,30,127,145,28,177,Entrepreneurship;,5,3,3,10,5,3,Male,No Preference
92,mentee,190,115,86,70,45,110,18,21,66,8,5,36,72,99,148,Media and News;Consulting;Hospitality;,10,7,5,6,1,2,Nonbinary/Fluid/Gender Queer,Nonbinary/Fluid/Gender Queer
93,mentee,15,25,78,108,179,61,127,56,90,146,87,71,51,131,175,Pharmaceutical;,8,6,10,10,3,10,Male,No Preference
94,mentee,9,44,183,157,146,22,156,57,76,65,62,171,68,31,147,Hospitality;Finance;Agriculture;Entertainment;,6,3,2,3,3,2,Female,Nonbinary/Fluid/Gender Queer
95,mentee,36,172,165,30,112,190,74,141,12,59,95,82,183,20,173,Healthcare;,6,7,2,5,6,6,Nonbinary/Fluid/Gender Queer,Female
96,mentee,28,186,163,194,21,178,113,65,1,42,146,3,158,137,130,Consulting;Government;Fashion;Hospitality;Healthcare;,3,1,9,3,6,8,Female,Female
97,mentee,57,145,122,101,20,87,63,181,184,175,61,179,140,152,104,Media and News;Government;Legal;Consulting;Education;,1,3,9,9,8,5,Nonbinary/Fluid/Gender Queer,No Preference
98,mentee,160,70,107,199,106,9,67,180,125,27,91,15,81,16,8,Entrepreneurship;Entertainment;Agriculture;,2,10,8,8,8,7,Nonbinary/Fluid/Gender Queer,Male
99,mentee,51,20,162,117,146,92,43,187,71,109,58,128,173,57,151,Advertising/Marketing;,4,8,7,9,9,1,Male,No Preference
100,mentee,3,8,122,117,166,125,172,35,65,43,154,167,2,193,111,Nonprofit;Finance;,9,2,3,9,4,1,Nonbinary/Fluid/Gender Queer,Nonbinary/Fluid/Gender Queer
101,mentee,167,87,169,20,148,139,55,12,33,120,56,60,17,95,10,Other;Food and Beverage;,8,5,9,10,7,1,Nonbinary/Fluid/Gender Queer,Male
102,mentee,16,138,118,46,88,108,161,7,188,44,182,156,110,49,143,Agriculture;,10,6,9,7,3,9,Female,No Preference
103,mentee,152,18,58,114,32,184,35,104,141,21,182,90,118,129,169,Accounting;Education;Entertainment;Consulting;Nonprofit;,8,1,4,6,3,5,Male,No Preference
104,mentee,141,125,105,194,161,172,153,54,35,117,27,110,159,168,72,Healthcare;Real Estate;,3,3,8,6,3,10,Female,No Preference
105,mentee,48,10,184,95,158,163,90,98,144,112,151,128,172,86,24,Healthcare;Finance;Legal;Aerospace;Advertising/Marketing;,1,8,8,3,2,10,Male,Nonbinary/Fluid/Gender Queer
106,mentee,132,129,20,9,152,42,55,174,10,190,25,146,21,1,125,Hospitality;Real Estate;,10,3,3,1,9,6,Male,No Preference
107,mentee,33,151,68,49,19,170,15,119,102,4,40,145,60,3,66,Education;Entertainment;Technology;,6,3,4,8,7,9,Female,No Preference
108,mentee,174,3,2,199,180,1,77,132,154,56,140,42,141,194,62,Technology;Pharmaceutical;Entrepreneurship;,1,4,7,5,9,1,Female,No Preference
109,mentee,157,113,130,72,191,28,81,54,55,83,137,103,142,48,164,Fashion;Education;,5,4,4,7,3,8,Male,No Preference
110,mentee,198,119,62,69,47,39,6,173,177,126,16,168,116,107,135,Education;Entertainment;Accounting;,10,5,9,6,8,7,Nonbinary/Fluid/Gender Queer,No Preference
111,mentee,171,70,110,109,144,82,8,108,43,46,47,120,24,156,21,Pharmaceutical;Fashion;Consulting;,9,6,5,8,4,1,Male,Female
112,mentee,7,140,66,87,54,4,36,91,166,9,171,84,14,185,110,Healthcare;Advertising/Marketing;Agriculture;Engineering;,8,8,6,1,5,2,Female,Male
113,mentee,182,47,40,190,73,12,189,88,146,39,169,19,95,23,89,Technology;,10,9,1,2,6,4,Male,No Preference
114,mentee,147,22,144,80,102,130,87,103,182,119,88,62,53,44,159,Finance;Engineering;Arts and Design;Government;Consulting;,1,9,10,2,9,8,Male,No Preference
115,mentee,69,25,123,45,187,90,74,180,155,119,13,55,152,107,171,Advertising/Marketing;Pharmaceutical;Fashion;Agriculture;Real Estate;,9,8,1,10,10,1,Female,Female
116,mentee,100,185,102,64,73,176,117,152,168,85,165,11,1,76,196,Media and News;Education;Legal;,10,6,10,1,3,4,Male,Nonbinary/Fluid/Gender Queer
117,mentee,186,45,193,141,61,41,94,199,146,149,167,81,120,133,171,Healthcare;Food and Beverage;Arts and Design;Government;Legal;,2,8,4,2,10,4,Nonbinary/Fluid/Gender Queer,No Preference
118,mentee,19,79,140,112,60,174,175,143,106,57,102,42,4,150,3,Advertising/Marketing;Aerospace;Fashion;Healthcare;,1,8,3,2,8,9,Male,No Preference
119,mentee,130,128,95,90,163,4,117,182,184,124,178,84,16,81,168,Accounting;Entrepreneurship;Education;,6,10,5,10,1,1,Male,Female
120,mentee,63,1,3,124,144,62,131,57,84,159,163,15,30,109,196,Media and News;Arts and Design;Advertising/Marketing;Human Resources;Engineering;,5,3,10,8,7,8,Male,No Preference
121,mentee,109,27,73,28,175,96,105,100,144,95,137,75,86,7,149,Entrepreneurship;Fashion;Engineering;,3,10,7,9,3,4,Male,No Preference
122,mentee,141,24,143,86,138,88,19,84,12,191,93,26,146,97,129,Arts and Design;Healthcare;,1,4,10,10,4,9,Male,No Preference
123,mentee,125,7,120,85,145,169,160,69,77,84,188,104,37,133,146,Finance;Aerospace;Legal;Other;,4,1,10,8,5,6,Female,No Preference
124,mentee,88,28,185,182,133,65,58,63,19,51,94,108,137,44,49,Healthcare;Government;Media and News;,4,1,9,4,5,9,Female,Male
125,mentee,79,189,69,29,56,192,176,99,187,34,25,90,42,58,157,Entertainment;Pharmaceutical;Government;Finance;Human Resources;,10,9,8,10,5,1,Female,Male
126,mentee,75,11,46,122,175,166,1,81,88,146,59,91,31,141,36,Media and News;Hospitality;Advertising/Marketing;,4,7,1,4,10,1,Male,No Preference
127,mentee,119,0,112,11,182,134,152,166,18,120,55,13,78,90,54,Government;Education;Entrepreneurship;,9,4,8,8,8,1,Nonbinary/Fluid/Gender Queer,No Preference
128,mentee,27,122,126,124,25,189,94,79,41,96,199,8,112,114,37,Education;,8,4,8,4,2,5,Male,Female
129,mentee,50,89,180,189,71,178,53,18,169,130,76,112,9,176,165,Entrepreneurship;Food and Beverage;Finance;,3,2,3,1,10,5,Female,No Preference
130,mentee,79,175,147,13,8,193,7,189,173,183,57,100,82,107,58,Other;Real Estate;Accounting;Aerospace;,2,8,2,9,3,10,Male,Female
131,mentee,67,147,92,36,148,140,182,161,158,194,168,142,18,175,176,Fashion;Technology;Entertainment;Finance;,7,5,1,5,9,1,Nonbinary/Fluid/Gender Queer,No Preference
132,mentee,122,179,74,3,81,197,140,111,16,159,192,78,182,195,48,Fashion;Other;Consulting;Education;Entertainment;,5,9,8,5,3,8,Female,No Preference
133,mentee,130,40,66,80,5,68,100,181,167,187,139,99,46,140,60,Finance;Media and News;Food and Beverage;Healthcare;Other;,6,7,6,3,8,9,Nonbinary/Fluid/Gender Queer,No Preference
134,mentee,102,191,192,179,65,130,189,46,21,168,132,5,53,0,72,Technology;Engineering;Consulting;,9,3,4,8,10,1,Female,No Preference
135,mentee,34,16,129,160,162,82,177,40,90,37,15,89,43,72,29,Technology;Arts and Design;Media and News;,3,6,1,7,7,6,Male,No Preference
136,mentee,37,107,3,20,70,127,172,182,8,126,59,189,69,87,89,Advertising/Marketing;Pharmaceutical;Government;Human Resources;Finance;,3,5,2,5,9,2,Female,Female
137,mentee,42,12,81,65,11,168,178,128,101,144,92,156,134,138,28,Hospitality;,8,2,3,3,10,10,Male,No Preference
138,mentee,148,63,181,168,77,89,54,22,47,120,195,10,51,93,59,Accounting;Legal;Arts and Design;,4,6,8,5,10,10,Nonbinary/Fluid/Gender Queer,Male
139,mentee,40,29,20,32,12,93,18,82,190,60,90,109,4,119,48,Accounting;Technology;Healthcare;Government;,3,4,9,1,8,8,Nonbinary/Fluid/Gender Queer,Nonbinary/Fluid/Gender Queer
140,mentee,153,84,150,115,192,122,154,142,133,7,20,13,105,136,111,Engineering;Entrepreneurship;,2,10,7,6,4,1,Male,No Preference
141,mentee,195,112,138,125,144,8,13,103,6,186,191,64,26,133,182,Advertising/Marketing;Hospitality;,1,9,4,4,1,4,Male,Male
142,mentee,107,190,7,85,4,129,180,198,176,25,155,166,187,196,112,Aerospace;Food and Beverage;Hospitality;Entertainment;,8,7,3,9,4,1,Female,No Preference
143,mentee,178,172,57,175,119,46,176,86,64,41,13,83,170,92,157,Entrepreneurship;Engineering;Fashion;Technology;,3,4,2,6,9,2,Female,Nonbinary/Fluid/Gender Queer
144,mentee,17,174,147,27,47,134,170,166,54,132,9,49,178,126,46,Agriculture;,5,2,5,8,5,5,Female,No Preference
145,mentee,159,84,73,175,79,53,178,81,154,86,45,74,82,166,57,Education;Government;,6,1,6,5,8,6,Female,Male
146,mentee,109,157,183,98,33,162,78,54,0,5,34,102,14,121,179,Legal;Aerospace;Media and News;,6,10,3,2,3,5,Male,Male
147,mentee,79,192,186,52,24,185,34,151,169,138,95,80,125,17,144,Technology;Human Resources;Agriculture;Arts and Design;,5,8,3,9,2,1,Female,Female
148,mentee,165,142,118,145,62,33,69,166,110,191,48,82,51,171,2,Healthcare;Government;,10,10,8,4,7,7,Male,No Preference
149,mentee,147,75,197,18,152,57,93,133,113,180,168,167,186,56,53,Consulting;Media and News;,2,7,3,6,3,4,Nonbinary/Fluid/Gender Queer,No Preference
150,mentee,169,81,150,37,82,55,97,93,196,140,68,176,18,85,65,Other;Real Estate;Entertainment;Media and News;Nonprofit;,8,3,10,4,3,1,Male,No Preference
151,mentee,94,153,134,105,0,71,195,99,121,161,155,29,27,17,82,Education;Real Estate;Other;Legal;,5,1,10,4,5,7,Male,Female
152,mentee,58,7,13,19,118,190,170,64,39,158,154,85,63,121,34,Advertising/Marketing;,6,8,2,8,1,9,Male,No Preference
153,mentee,63,198,136,48,49,39,51,183,45,109,178,107,160,70,147,Accounting;Pharmaceutical;Real Estate;Advertising/Marketing;Government;,6,5,8,10,4,3,Male,No Preference
154,mentee,103,21,78,160,76,100,109,165,194,102,32,175,190,65,33,Accounting;Healthcare;Education;Hospitality;Advertising/Marketing;,7,3,5,8,1,3,Female,Female
155,mentee,183,125,190,74,134,78,99,116,139,85,89,38,121,84,160,Entertainment;Engineering;Technology;Accounting;,10,6,1,7,4,1,Nonbinary/Fluid/Gender Queer,Male
156,mentee,104,133,186,151,140,188,171,183,55,87,12,163,43,18,37,Advertising/Marketing;Other;Food and Beverage;,9,8,3,8,7,3,Female,Male
157,mentee,109,143,93,180,147,64,178,103,111,59,43,120,38,133,31,Nonprofit;Human Resources;Entertainment;Agriculture;Fashion;,1,8,6,4,5,2,Nonbinary/Fluid/Gender Queer,Female
158,mentee,88,112,181,84,191,18,33,82,61,41,91,140,188,52,145,Real Estate;Engineering;Legal;Finance;,7,8,8,5,9,9,Male,Female
159,mentee,143,172,108,98,145,65,41,115,45,14,167,148,93,146,36,Healthcare;,4,9,3,4,4,7,Male,No Preference
160,mentee,151,23,0,18,155,159,80,10,172,85,119,86,170,19,100,Food and Beverage;Aerospace;,6,7,1,6,9,7,Male,No Preference
161,mentee,27,40,38,29,154,62,192,177,90,19,80,53,130,82,136,Healthcare;Agriculture;Advertising/Marketing;,10,1,5,4,8,3,Female,No Preference
162,mentee,107,175,162,164,120,167,155,96,67,133,76,123,118,90,81,Arts and Design;Education;Accounting;,5,6,7,2,7,1,Male,No Preference
163,mentee,184,39,93,67,19,139,28,57,129,130,158,192,122,9,81,Accounting;Other;Arts and Design;Media and News;,3,7,9,7,10,3,Male,No Preference
164,mentee,2,181,118,129,161,188,71,75,159,124,152,107,126,139,92,Education;,2,3,7,6,5,5,Male,No Preference
165,mentee,72,89,155,26,64,10,56,18,178,41,39,160,180,186,195,Real Estate;Engineering;,7,5,2,7,8,3,Female,Female
166,mentee,171,47,64,57,68,176,197,41,147,52,26,144,194,111,183,Entrepreneurship;Government;Legal;Advertising/Marketing;Accounting;,6,10,3,5,3,2,Male,Nonbinary/Fluid/Gender Queer
167,mentee,192,145,190,109,91,4,61,141,136,88,163,67,94,10,77,Finance;Aerospace;Other;Accounting;Entrepreneurship;,4,3,3,1,8,2,Male,No Preference
168,mentee,185,50,42,119,52,134,181,131,23,87,99,138,33,118,12,Entertainment;,10,10,10,7,2,5,Male,No Preference
169,mentee,129,35,150,170,153,3,143,109,108,43,46,165,147,138,45,Accounting;,3,6,5,2,6,10,Male,Female
170,mentee,176,197,165,63,144,102,106,18,21,169,55,148,23,114,178,Fashion;Entrepreneurship;Aerospace;Human Resources;Education;,8,8,10,1,7,2,Nonbinary/Fluid/Gender Queer,Female
171,mentee,109,27,36,197,81,112,41,12,47,86,84,34,68,4,8,Finance;Entrepreneurship;Technology;,2,6,8,1,2,10,Male,Nonbinary/Fluid/Gender Queer
172,mentee,7,187,26,170,156,160,182,15,138,92,76,4,2,189,104,Accounting;Education;,6,9,7,1,3,9,Male,No Preference
173,mentee,123,161,199,54,195,121,103,143,146,8,128,87,69,12,24,Agriculture;Nonprofit;Food and Beverage;Real Estate;,1,5,5,5,8,4,Male,No Preference
174,mentee,133,173,168,42,46,87,66,67,10,23,75,183,114,187,154,Government;Technology;Engineering;,3,2,4,8,1,2,Male,No Preference
175,mentee,46,16,31,160,9,93,35,74,155,194,156,146,60,71,117,Finance;,10,7,1,7,1,7,Female,No Preference
176,mentee,67,128,58,7,24,110,191,157,34,125,187,55,46,16,0,Other;Finance;Entrepreneurship;Fashion;,2,1,2,9,1,4,Nonbinary/Fluid/Gender Queer,Male
177,mentee,82,61,55,25,175,168,94,48,34,151,106,64,27,31,73,Food and Beverage;Technology;Human Resources;,5,6,8,6,8,10,Nonbinary/Fluid/Gender Queer,No Preference
178,mentee,9,64,100,95,15,58,176,44,159,161,85,173,48,167,22,Agriculture;Nonprofit;Entrepreneurship;Government;Aerospace;,2,9,7,7,2,2,Female,No Preference
179,mentee,162,40,54,19,17,135,113,152,195,30,88,26,59,82,95,Arts and Design;Legal;,6,4,7,10,9,2,Male,Male
180,mentee,80,32,5,111,71,9,153,194,42,96,91,18,109,167,138,Entertainment;Legal;Arts and Design;Accounting;Technology;,1,1,5,7,10,3,Male,No Preference
181,mentee,109,110,152,45,179,126,104,122,111,12,39,2,98,189,14,Pharmaceutical;Entrepreneurship;Human Resources;Arts and Design;Legal;,7,3,4,7,2,4,Female,No Preference
182,mentee,38,86,44,133,103,23,91,120,174,173,14,21,57,190,158,Nonprofit;Healthcare;Entertainment;Education;Arts and Design;,6,4,9,1,9,5,Male,No Preference
183,mentee,100,37,179,137,176,17,139,197,143,22,167,5,1,138,115,Government;,4,7,7,1,6,4,Male,No Preference
184,mentee,60,184,195,104,51,55,41,117,73,11,34,146,82,135,197,Fashion;Accounting;Real Estate;Aerospace;Government;,7,2,6,9,4,10,Nonbinary/Fluid/Gender Queer,No Preference
185,mentee,1,156,33,9,131,14,149,137,176,150,45,132,48,148,118,Pharmaceutical;Other;Real Estate;Entrepreneurship;,1,1,4,8,3,9,Male,No Preference
186,mentee,148,90,38,126,137,183,94,121,63,153,92,190,105,185,56,Fashion;,2,1,2,10,9,7,Female,Female
187,mentee,134,142,46,69,120,147,164,42,7,184,167,186,107,195,123,Education;Nonprofit;,9,5,1,5,10,7,Male,Male
188,mentee,62,1,195,152,56,137,196,33,73,11,170,129,146,179,36,Legal;Entrepreneurship;Arts and Design;,3,6,8,2,3,7,Female,No Preference
189,mentee,40,69,33,153,161,113,141,104,101,41,181,55,167,120,191,Pharmaceutical;Other;Healthcare;,10,3,2,8,8,4,Female,No Preference
190,mentee,93,129,166,31,13,134,18,190,36,105,79,128,6,185,196,Healthcare;Accounting;Finance;Human Resources;,9,3,6,3,10,1,Male,Female
191,mentee,78,59,73,175,31,62,53,157,194,174,119,182,87,114,160,Agriculture;Other;Media and News;Consulting;Advertising/Marketing;,6,1,7,4,7,9,Male,No Preference
192,mentee,45,61,144,27,25,14,89,81,38,131,69,24,193,151,100,Aerospace;Nonprofit;Hospitality;,6,5,7,7,7,9,Male,Female
193,mentee,104,53,168,75,183,7,189,146,128,192,175,171,54,99,88,Real Estate;Arts and Design;,8,3,3,9,3,10,Nonbinary/Fluid/Gender Queer,No Preference
194,mentee,118,137,31,132,125,195,131,194,75,28,76,91,116,120,35,Nonprofit;Healthcare;Engineering;Agriculture;,7,10,9,9,5,1,Nonbinary/Fluid/Gender Queer,No Preference
195,mentee,166,105,110,93,112,3,36,27,130,40,25,66,161,79,190,Advertising/Marketing;Fashion;Healthcare;Other;Entertainment;,10,5,7,4,8,10,Female,No Preference
196,mentee,18,87,20,68,159,136,12,110,76,174,50,192,109,162,3,Advertising/Marketing;Finance;,5,6,6,10,4,10,Female,No Preference
197,mentee,84,165,86,192,196,67,150,75,156,136,125,114,140,118,168,Finance;Other;,2,9,9,7,6,7,Female,No Preference
198,mentee,185,66,176,90,146,14,174,116,140,92,135,35,184,110,196,Human Resources;,5,10,4,1,1,6,Male,No Preference
199,mentee,185,191,61,33,113,99,178,150,26,172,93,6,152,133,105,Finance;Legal;,4,2,8,9,10,7,Nonbinary/Fluid/Gender Queer,No Preference
