ID,Mentor or Mentee?,Preference 1,Preference 2,Preference 3,Preference 4,Preference 5,Preference 6,Preference 7,Preference 8,Preference 9,Preference 10,Preference 11,Preference 12,Preference 13,Preference 14,Preference 15,Industry,Rank 1,Rank 2,Rank 3,Rank 4,Rank 5,Rank 6,Gender,Gender Preference
0,Mentor,73,110,143,23,93,188,112,167,57,158,164,134,68,193,14,Automotive;Telecommunications;Transportation and Logistics,6,4,3,1,9,7,Male,No Preference
1,Mentor,124,185,186,154,41,95,118,73,163,144,23,57,33,6,166,Transportation and Logistics;Pharmaceuticals;Information Technology,8,5,2,1,10,6,Male,No Preference
2,Mentor,108,126,162,51,55,175,179,183,32,170,189,192,181,186,160,Energy,6,8,1,7,5,9,Female,No Preference
3,Mentor,16,1,28,94,74,55,87,109,156,15,79,146,111,131,75,Information Technology;Automotive,2,4,10,8,3,1,Female,Female
4,Mentor,162,197,24,22,120,160,40,109,147,91,192,76,116,186,131,Energy;Construction,4,3,2,10,1,7,Female,No Preference
5,Mentor,175,21,159,52,117,81,97,179,160,37,4,29,84,177,48,Mining,4,10,1,9,8,5,Male,No Preference
6,Mentor,45,105,33,128,27,121,186,134,22,92,100,163,60,160,172,Energy;Agriculture;Information Technology,7,10,1,9,2,5,Male,No Preference
7,Mentor,131,40,62,30,67,42,13,147,109,76,64,112,22,116,90,Construction,3,5,1,4,2,10,Female,No Preference
8,Mentor,24,33,177,114,155,163,69,161,126,35,143,40,148,80,108,Biotechnology;Telecommunications,3,8,5,1,10,7,Female,No Preference
9,Mentor,114,72,66,49,23,190,150,130,172,106,28,21,131,82,65,Hospitality,2,5,1,7,10,3,Female,No Preference
10,Mentor,172,162,120,192,189,103,179,183,32,197,75,170,134,121,91,Energy,5,9,2,10,7,8,Male,No Preference
11,Mentor,111,18,140,61,182,167,87,104,52,55,156,47,76,124,135,Information Technology;Agriculture;Automotive,7,1,9,2,10,3,Male,No Preference
12,Mentor,64,174,3,192,35,180,16,41,138,155,80,194,141,84,42,Pharmaceuticals;Biotechnology;Telecommunications,8,3,1,9,4,10,Female,Female
13,Mentor,56,181,32,60,153,126,137,166,184,34,8,179,165,118,66,Consumer Goods;Manufacturing;Energy,4,2,10,8,7,5,Male,No Preference
14,Mentor,120,150,20,91,49,148,107,90,154,166,157,51,6,97,102,Pharmaceuticals,4,6,2,10,5,1,Non-binary,No Preference
15,Mentor,184,64,6,88,78,153,26,75,30,131,54,135,76,17,125,Agriculture;Consumer Goods;Construction,10,3,5,2,6,4,Female,No Preference
16,Mentor,154,144,134,127,81,182,57,18,50,115,19,66,31,190,180,Transportation and Logistics,10,7,4,9,1,5,Female,No Preference
17,Mentor,198,80,174,142,150,59,120,148,3,138,51,70,180,42,119,Pharmaceuticals;Telecommunications,7,6,4,9,10,8,Female,Female
18,Mentor,59,127,197,98,19,111,16,116,182,165,13,185,123,142,55,Manufacturing;Information Technology,2,6,3,5,9,10,Female,No Preference
19,Mentor,20,49,27,31,147,153,73,181,60,8,5,115,154,32,93,Transportation and Logistics;Consumer Goods,6,9,8,5,3,10,Female,No Preference
20,Mentor,8,118,16,84,20,184,177,66,172,192,193,56,103,156,144,Biotechnology;Consumer Goods;Transportation and Logistics,5,9,8,6,1,10,Male,No Preference
21,Mentor,184,134,105,135,171,12,27,168,36,196,47,139,183,8,89,Agriculture;Real Estate,1,5,4,2,3,8,Male,Male
22,Mentor,38,141,168,21,20,15,19,161,151,23,91,59,4,140,69,Agriculture;Information Technology;Biotechnology,6,2,1,3,4,10,Male,No Preference
23,Mentor,37,32,147,47,84,29,118,76,184,12,170,10,60,54,62,Mining;Construction;Consumer Goods,2,9,6,10,8,4,Female,No Preference
24,Mentor,153,63,12,115,20,32,142,106,70,6,156,56,17,8,60,Hospitality;Consumer Goods,2,9,10,7,5,8,Male,No Preference
25,Mentor,166,38,154,86,49,20,102,157,101,89,186,139,90,132,95,Pharmaceuticals,1,10,5,8,4,9,Male,Male
26,Mentor,14,58,152,156,104,191,111,168,167,94,158,110,74,23,65,Automotive,2,6,3,9,1,10,Male,No Preference
27,Mentor,3,48,138,123,95,139,64,6,90,97,107,150,20,101,166,Manufacturing;Pharmaceuticals,3,5,4,9,1,10,Male,No Preference
28,Mentor,69,144,127,118,66,164,82,193,106,187,134,163,81,65,147,Hospitality;Telecommunications;Transportation and Logistics,6,7,3,9,8,4,Male,Male
29,Mentor,90,14,163,62,126,68,69,185,54,159,161,177,26,2,45,Telecommunications;Construction;Biotechnology,3,7,1,9,8,4,Male,Male
30,Mentor,156,60,63,166,144,104,49,20,103,129,6,118,32,176,164,Consumer Goods,3,6,1,7,10,5,Male,No Preference
31,Mentor,112,122,123,92,179,37,81,78,170,10,177,190,97,53,94,Mining,2,1,8,9,3,7,Female,No Preference
32,Mentor,138,166,43,11,155,12,97,161,179,142,13,123,170,113,199,Biotechnology;Manufacturing,2,8,9,6,10,4,Female,No Preference
33,Mentor,32,170,121,108,91,183,179,172,66,129,197,55,175,75,128,Energy,2,1,5,8,10,4,Female,No Preference
34,Mentor,94,72,175,173,46,163,91,58,183,147,124,123,20,81,186,Automotive;Mining;Information Technology,7,1,6,2,9,8,Male,No Preference
35,Mentor,60,61,52,5,18,39,21,156,41,125,35,59,100,27,96,Agriculture,10,1,4,5,2,6,Female,Female
36,Mentor,194,185,198,90,111,57,44,116,16,151,12,183,80,83,139,Biotechnology;Real Estate;Telecommunications,2,6,9,7,10,4,Male,No Preference
37,Mentor,179,47,87,21,97,78,13,123,37,4,175,160,94,159,64,Mining,1,5,10,2,3,6,Female,No Preference
38,Mentor,172,177,190,64,97,32,10,94,47,92,186,21,197,75,45,Energy;Mining,6,5,7,4,2,3,Male,No Preference
39,Mentor,132,57,184,118,95,93,59,27,129,49,91,48,188,137,134,Consumer Goods;Pharmaceuticals;Transportation and Logistics,3,5,10,1,8,9,Female,No Preference
40,Mentor,137,118,153,117,78,6,49,160,156,94,179,184,81,20,166,Mining;Consumer Goods,5,9,4,1,2,10,Female,No Preference
41,Mentor,68,124,21,92,163,41,35,61,104,85,14,46,143,140,33,Information Technology;Agriculture;Telecommunications,4,6,8,9,3,2,Male,No Preference
42,Mentor,34,165,166,13,98,149,12,99,25,142,89,179,107,11,164,Manufacturing,10,1,8,2,7,5,Female,No Preference
43,Mentor,64,55,112,177,122,52,53,81,179,123,78,175,160,21,48,Mining,4,1,3,2,6,7,Male,No Preference
44,Mentor,38,166,104,63,170,9,172,159,6,156,114,20,181,115,84,Consumer Goods;Biotechnology,10,5,9,6,4,3,Male,No Preference
45,Mentor,81,64,170,4,94,87,117,10,78,97,160,52,29,55,37,Mining,1,7,6,4,8,2,Female,No Preference
46,Mentor,2,142,163,194,21,127,66,72,23,105,77,49,133,37,151,Hospitality,10,5,2,6,1,3,Female,No Preference
47,Mentor,30,22,182,64,129,54,58,178,62,76,180,115,164,66,188,Transportation and Logistics;Construction,10,6,4,7,5,2,Male,No Preference
48,Mentor,37,120,141,108,194,75,158,114,181,129,28,16,32,162,72,Biotechnology;Hospitality;Energy,7,3,8,10,9,1,Female,Female
49,Mentor,158,168,61,41,68,69,105,143,35,174,145,44,5,2,43,Agriculture;Telecommunications,5,2,3,7,8,1,Female,No Preference
50,Mentor,40,113,192,108,33,114,177,24,136,172,43,120,4,0,84,Biotechnology,6,9,1,3,2,5,Male,No Preference
51,Mentor,166,123,41,25,142,98,165,97,99,107,13,164,138,149,179,Manufacturing,7,4,3,1,5,10,Male,No Preference
52,Mentor,19,84,115,55,136,141,140,53,161,92,24,172,38,93,22,Biotechnology;Information Technology,9,5,8,7,6,10,Female,No Preference
53,Mentor,51,55,26,67,107,162,14,132,160,116,109,45,139,103,134,Energy;Pharmaceuticals;Construction,6,9,8,7,2,10,Female,No Preference
54,Mentor,4,116,175,187,57,161,105,2,127,186,45,185,151,82,179,Hospitality;Energy;Biotechnology,8,9,4,10,2,5,Male,Male
55,Mentor,186,79,57,83,178,5,87,18,77,81,104,94,73,65,112,Transportation and Logistics;Automotive,7,1,9,6,3,10,Female,No Preference
56,Mentor,197,12,8,162,113,79,24,71,111,11,194,19,44,125,146,Real Estate,1,10,2,9,8,5,Female,Female
57,Mentor,174,148,138,46,198,3,143,161,163,180,35,52,68,142,43,Telecommunications,4,1,5,9,3,7,Male,No Preference
58,Mentor,197,185,23,106,53,55,92,14,147,1,109,58,20,22,16,Information Technology,8,7,5,1,2,3,Female,No Preference
59,Mentor,134,38,132,103,49,186,95,101,107,20,166,86,157,175,139,Pharmaceuticals;Energy,2,3,10,8,1,7,Male,Male
60,Mentor,27,95,187,154,38,102,186,49,18,101,135,86,107,47,5,Agriculture;Pharmaceuticals,4,10,3,8,1,7,Male,Male
61,Mentor,21,168,53,41,61,69,47,39,44,35,100,125,156,187,27,Agriculture,4,3,8,5,10,6,Female,No Preference
62,Mentor,17,9,164,6,181,129,153,4,166,32,156,60,12,8,104,Consumer Goods,9,5,1,7,2,3,Female,No Preference
63,Mentor,192,57,170,103,127,180,172,55,91,154,73,58,32,115,18,Energy;Transportation and Logistics,9,5,3,2,6,7,Female,No Preference
64,Mentor,184,164,181,9,153,156,166,49,103,17,60,4,129,6,63,Consumer Goods,8,3,5,2,10,7,Male,No Preference
65,Mentor,84,109,97,194,24,161,145,16,114,141,177,180,98,13,4,Biotechnology;Telecommunications;Manufacturing,4,8,7,10,1,5,Male,No Preference
66,Mentor,189,164,98,120,170,32,59,175,165,107,183,121,149,166,142,Energy;Manufacturing,5,1,3,10,9,2,Male,No Preference
67,Mentor,129,59,150,166,49,20,139,67,30,132,41,51,90,6,13,Construction;Pharmaceuticals,4,9,1,8,2,5,Male,No Preference
68,Mentor,58,191,41,142,167,65,152,165,27,112,59,23,186,74,89,Automotive;Manufacturing,3,9,4,7,1,8,Female,No Preference
69,Mentor,118,17,59,4,97,99,144,89,104,60,34,107,41,9,103,Manufacturing;Consumer Goods,1,8,9,10,3,4,Female,No Preference
70,Mentor,170,50,181,160,180,186,94,121,51,27,178,120,73,197,162,Energy;Transportation and Logistics,2,10,1,9,4,7,Female,No Preference
71,Mentor,73,147,27,98,31,178,93,57,149,18,107,58,34,123,99,Manufacturing;Transportation and Logistics,2,9,1,7,10,3,Male,No Preference
72,Mentor,154,166,163,20,21,157,41,3,91,105,7,65,72,107,186,Hospitality;Pharmaceuticals,3,7,6,1,8,5,Male,No Preference
73,Mentor,66,91,45,183,168,135,170,47,179,187,53,175,69,128,134,Agriculture;Energy,4,3,8,7,9,5,Male,Male
74,Mentor,86,78,157,14,132,62,76,38,90,116,20,101,107,186,166,Construction;Pharmaceuticals,1,9,7,5,10,3,Male,Male
75,Mentor,142,131,52,114,70,133,28,4,104,97,10,190,187,46,83,Automotive;Hospitality;Mining,6,10,1,9,2,8,Female,No Preference
76,Mentor,179,10,97,29,123,64,175,47,55,52,92,160,112,37,159,Mining,6,4,2,8,7,10,Male,No Preference
77,Mentor,111,46,190,127,37,28,1,77,33,76,4,131,170,92,123,Information Technology;Automotive;Mining,8,3,9,1,5,7,Female,No Preference
78,Mentor,116,0,91,58,177,113,109,111,182,16,195,159,194,72,185,Biotechnology;Information Technology,5,6,1,8,7,10,Male,No Preference
79,Mentor,31,97,6,58,118,87,139,112,166,193,101,132,186,52,48,Transportation and Logistics;Mining;Pharmaceuticals,10,3,2,5,4,6,Female,No Preference
80,Mentor,23,152,146,131,94,79,158,77,74,14,156,28,111,87,110,Automotive,2,1,6,10,4,7,Female,Female
81,Mentor,147,82,199,104,143,91,163,0,45,53,115,173,23,159,78,Telecommunications;Information Technology;Biotechnology,5,3,10,2,6,1,Male,Male
82,Mentor,46,82,69,2,161,42,80,180,143,45,163,83,35,142,68,Telecommunications,8,5,2,10,4,9,Female,No Preference
83,Mentor,80,49,120,26,67,78,54,158,30,174,132,10,6,97,143,Telecommunications;Construction;Pharmaceuticals,4,5,6,10,8,2,Female,No Preference
84,Mentor,118,49,6,75,12,4,129,103,156,63,54,184,20,164,9,Consumer Goods,1,4,8,2,9,5,Female,No Preference
85,Mentor,116,89,151,166,185,38,164,149,126,43,57,177,115,179,98,Manufacturing;Biotechnology,5,4,10,9,3,2,Male,Male
86,Mentor,110,65,58,23,158,191,83,156,14,44,94,152,46,131,27,Automotive,3,4,5,7,1,9,Female,No Preference
87,Mentor,59,75,194,41,9,149,144,116,8,161,113,99,54,16,60,Consumer Goods;Biotechnology;Manufacturing,8,4,1,5,9,7,Female,No Preference
88,Mentor,89,13,12,123,107,34,149,41,166,179,165,98,99,164,25,Manufacturing,9,7,3,1,8,10,Male,No Preference
89,Mentor,12,104,18,71,30,181,79,144,9,11,44,162,50,89,113,Consumer Goods;Transportation and Logistics;Real Estate,9,4,3,2,1,10,Male,No Preference
90,Mentor,111,55,19,22,78,33,197,106,104,85,72,109,195,173,147,Information Technology,4,7,6,10,3,8,Male,No Preference
91,Mentor,190,111,148,162,197,180,178,79,125,94,194,24,50,146,11,Transportation and Logistics;Real Estate,2,6,5,1,9,4,Female,Female
92,Mentor,181,192,129,183,170,32,172,162,55,189,91,103,179,120,175,Energy,7,6,1,3,5,10,Male,No Preference
93,Mentor,147,54,115,180,193,144,19,94,73,178,117,190,164,27,81,Transportation and Logistics,5,6,9,8,2,10,Male,No Preference
94,Mentor,77,76,111,117,191,144,83,74,46,131,156,79,186,167,27,Automotive,3,10,8,1,9,4,Female,No Preference
95,Mentor,183,58,12,127,103,137,116,54,129,20,147,144,17,176,124,Information Technology;Consumer Goods,4,6,7,1,3,9,Female,No Preference
96,Mentor,3,123,41,97,129,6,32,138,198,34,156,180,158,165,75,Consumer Goods;Manufacturing;Telecommunications,5,9,10,4,6,3,Female,Female
97,Mentor,39,147,112,22,90,40,96,58,131,10,30,66,60,41,154,Agriculture;Transportation and Logistics;Construction,7,4,6,5,1,9,Male,No Preference
98,Mentor,68,181,179,139,45,52,172,71,129,186,35,145,113,183,161,Energy;Telecommunications;Real Estate,1,8,10,9,7,3,Female,No Preference
99,Mentor,93,78,185,20,106,116,182,109,55,16,15,140,111,183,22,Information Technology,5,10,2,3,9,8,Female,No Preference
100,Mentor,158,148,138,83,163,43,52,161,46,174,35,82,198,80,45,Telecommunications,7,8,10,5,2,3,Female,No Preference
101,Mentor,48,10,26,147,129,88,78,42,64,67,40,13,112,131,30,Construction,5,6,2,8,1,10,Male,No Preference
102,Mentor,5,69,18,82,151,130,163,105,106,187,66,168,27,127,23,Hospitality;Agriculture,5,1,4,6,3,2,Male,Male
103,Mentor,176,175,29,144,53,168,177,150,105,55,2,152,159,44,47,Hospitality;Automotive;Mining,10,2,8,4,9,3,Male,No Preference
104,Mentor,69,52,145,46,82,43,42,180,138,174,35,163,2,161,80,Telecommunications,4,1,3,6,7,10,Female,No Preference
105,Mentor,47,123,92,21,64,190,13,112,81,29,78,4,160,84,175,Mining,7,8,2,5,3,4,Female,No Preference
106,Mentor,126,113,14,85,20,172,124,177,194,161,111,109,179,155,58,Energy;Information Technology;Biotechnology,9,10,7,4,1,2,Male,No Preference
107,Mentor,45,180,188,121,120,93,18,164,148,32,55,189,118,172,129,Transportation and Logistics;Energy,1,9,6,10,3,7,Female,No Preference
108,Mentor,120,141,5,59,142,23,114,44,52,77,127,156,2,155,57,Hospitality;Biotechnology;Agriculture,6,1,8,3,10,5,Female,No Preference
109,Mentor,44,30,94,83,193,190,115,134,174,163,65,66,52,164,73,Transportation and Logistics;Telecommunications;Automotive,2,6,8,7,5,9,Male,No Preference
110,Mentor,100,35,21,156,59,125,53,44,105,47,61,69,39,96,52,Agriculture,1,4,6,8,9,2,Male,No Preference
111,Mentor,18,94,191,83,44,28,39,168,96,152,100,77,111,23,104,Agriculture;Automotive,3,5,6,1,10,7,Male,No Preference
112,Mentor,199,158,46,155,4,192,198,3,136,83,102,6,80,120,59,Pharmaceuticals;Biotechnology;Telecommunications,3,9,8,6,10,2,Male,No Preference
113,Mentor,55,82,92,4,24,199,94,45,2,138,174,53,78,97,64,Biotechnology;Mining;Telecommunications,10,7,9,2,4,8,Female,No Preference
114,Mentor,143,174,54,117,103,191,167,163,161,137,87,83,20,180,68,Automotive;Telecommunications;Consumer Goods,2,7,9,3,1,6,Female,No Preference
115,Mentor,172,86,59,21,38,89,82,101,65,126,57,6,132,114,136,Hospitality;Pharmaceuticals;Biotechnology,9,6,10,5,3,7,Male,No Preference
116,Mentor,12,134,2,151,23,105,182,19,171,173,196,33,115,90,163,Real Estate;Hospitality;Information Technology,4,5,8,1,9,10,Male,Male
117,Mentor,32,118,184,60,9,4,166,54,75,129,17,49,176,56,181,Consumer Goods,10,1,2,7,5,4,Female,No Preference
118,Mentor,85,147,94,140,170,58,28,13,82,92,117,173,66,37,187,Hospitality;Information Technology;Mining,10,1,4,3,2,6,Male,No Preference
119,Mentor,13,97,138,142,166,34,98,165,59,25,89,11,107,99,164,Manufacturing,8,7,2,3,5,1,Female,No Preference
120,Mentor,156,21,60,5,110,39,36,69,23,53,44,18,28,100,76,Automotive;Agriculture,7,1,4,6,2,9,Male,No Preference
121,Mentor,168,170,49,53,69,23,163,177,27,81,82,135,105,36,47,Agriculture;Mining;Hospitality,8,2,9,6,3,7,Male,Male
122,Mentor,29,4,57,126,109,13,38,92,87,94,185,24,10,81,21,Mining;Biotechnology,2,5,3,6,10,8,Male,No Preference
123,Mentor,14,180,35,149,123,185,22,145,182,58,173,16,183,148,89,Telecommunications;Manufacturing;Information Technology,5,6,9,7,8,1,Male,No Preference
124,Mentor,116,15,78,163,124,20,92,161,72,22,16,91,147,19,14,Information Technology,2,7,10,8,4,6,Female,No Preference
125,Mentor,100,156,168,21,93,105,92,33,163,120,20,108,59,75,15,Information Technology;Agriculture;Biotechnology,2,10,6,7,3,9,Female,No Preference
126,Mentor,39,156,53,170,41,187,60,186,51,36,192,21,129,105,44,Energy;Agriculture,10,7,5,3,6,2,Male,No Preference
127,Mentor,164,34,118,174,43,49,3,144,89,179,68,103,4,198,13,Manufacturing;Telecommunications;Consumer Goods,6,9,3,10,8,1,Male,No Preference
128,Mentor,105,118,134,148,30,31,39,127,73,94,69,169,53,188,41,Agriculture;Transportation and Logistics,9,10,5,3,7,8,Female,No Preference
129,Mentor,127,100,18,146,44,131,191,75,79,92,5,110,61,20,94,Information Technology;Agriculture;Automotive,6,8,10,4,5,7,Female,No Preference
130,Mentor,54,115,182,112,105,106,10,26,147,127,187,116,49,14,151,Hospitality;Construction,2,3,8,7,9,10,Male,Male
131,Mentor,47,175,177,97,94,159,21,55,37,81,64,179,10,92,190,Mining,9,7,5,10,8,3,Male,No Preference
132,Mentor,198,190,148,138,42,94,80,93,50,30,52,142,158,35,180,Transportation and Logistics;Telecommunications,9,8,10,1,3,6,Female,Female
133,Mentor,170,116,159,199,106,43,164,12,33,179,98,185,0,115,38,Biotechnology;Manufacturing,9,3,1,10,6,4,Male,Male
134,Mentor,90,146,8,107,11,171,89,196,71,159,12,197,184,139,125,Real Estate,3,9,10,7,1,2,Female,No Preference
135,Mentor,153,8,181,4,60,63,12,164,6,184,9,118,54,129,20,Consumer Goods,6,5,7,2,8,1,Male,No Preference
136,Mentor,158,52,149,99,143,82,174,123,35,145,142,89,68,83,45,Manufacturing;Telecommunications,9,7,4,10,6,5,Female,No Preference
137,Mentor,48,81,19,117,147,62,127,103,66,58,13,67,164,193,30,Transportation and Logistics;Construction;Consumer Goods,6,2,9,4,8,10,Male,No Preference
138,Mentor,165,25,12,164,89,11,142,98,59,97,123,41,149,34,13,Manufacturing,4,3,7,8,10,5,Female,No Preference
139,Mentor,10,88,40,103,75,26,42,153,104,166,13,60,6,62,184,Construction;Consumer Goods,3,4,2,1,5,9,Male,No Preference
140,Mentor,91,60,166,186,100,90,132,168,70,187,118,176,69,39,105,Agriculture;Pharmaceuticals;Consumer Goods,5,9,8,3,1,10,Female,No Preference
141,Mentor,13,161,143,123,149,97,165,142,68,43,69,164,35,99,25,Telecommunications;Manufacturing,7,2,8,9,4,1,Female,No Preference
142,Mentor,18,39,100,36,59,96,27,41,135,35,5,60,168,52,187,Agriculture,4,8,6,3,7,10,Male,No Preference
143,Mentor,142,160,158,23,82,172,49,69,145,45,133,52,2,66,35,Hospitality;Telecommunications,8,7,5,6,4,10,Non-binary,No Preference
144,Mentor,98,34,89,99,41,142,107,11,59,25,13,165,123,149,12,Manufacturing,3,10,9,8,5,1,Female,No Preference
145,Mentor,32,63,4,49,20,6,129,56,103,9,137,156,8,166,184,Consumer Goods,8,5,4,7,2,9,Female,No Preference
146,Mentor,8,164,3,144,60,32,43,198,143,153,118,9,104,174,142,Telecommunications;Consumer Goods,6,7,5,8,2,10,Female,No Preference
147,Mentor,100,103,20,69,18,176,5,44,4,32,168,118,166,12,184,Consumer Goods;Agriculture,5,7,9,10,6,4,Female,No Preference
148,Mentor,169,159,57,24,44,118,154,54,135,115,144,69,187,146,178,Agriculture;Transportation and Logistics;Real Estate,4,8,6,5,9,1,Female,No Preference
149,Mentor,58,30,94,93,127,190,180,182,66,147,18,134,144,148,50,Transportation and Logistics,8,6,9,5,1,7,Female,No Preference
150,Mentor,184,12,53,56,54,35,96,49,69,166,144,61,156,39,103,Agriculture;Consumer Goods,8,2,4,6,5,3,Female,No Preference
151,Mentor,190,134,31,193,18,30,148,50,93,164,115,54,94,81,180,Transportation and Logistics,3,6,10,9,2,8,Female,No Preference
152,Mentor,172,105,2,176,163,77,28,13,106,158,127,179,164,151,41,Manufacturing;Hospitality,7,5,10,1,4,8,Male,No Preference
153,Mentor,35,102,61,147,150,157,30,26,125,22,86,129,54,156,14,Construction;Pharmaceuticals;Agriculture,8,7,9,6,1,4,Male,No Preference
154,Mentor,106,127,90,78,111,75,52,182,24,21,125,139,35,60,184,Information Technology;Real Estate;Agriculture,9,7,4,3,8,5,Female,No Preference
155,Mentor,47,197,23,162,11,19,22,185,64,75,134,125,16,29,91,Mining;Real Estate;Information Technology,2,10,5,7,8,9,Male,No Preference
156,Mentor,85,144,92,116,73,22,19,178,106,5,31,182,193,163,134,Information Technology;Transportation and Logistics,5,1,7,6,4,10,Male,No Preference
157,Mentor,53,18,96,140,135,15,91,111,104,182,85,69,55,173,39,Agriculture;Information Technology,5,6,1,3,4,2,Female,No Preference
158,Mentor,92,140,182,109,93,173,106,116,124,197,58,55,147,104,78,Information Technology,1,3,8,9,7,4,Male,No Preference
159,Mentor,29,48,175,112,177,53,10,81,170,94,52,92,190,4,47,Mining,3,2,6,7,5,1,Female,No Preference
160,Mentor,175,81,29,159,13,177,52,179,55,190,123,37,170,48,84,Mining,8,9,4,6,5,1,Male,No Preference
161,Mentor,70,49,115,36,133,37,66,105,142,2,41,5,65,160,53,Agriculture;Hospitality,2,6,8,9,1,3,Female,No Preference
162,Mentor,24,131,14,30,26,78,13,54,90,10,3,147,22,62,40,Construction,6,9,1,3,10,7,Male,No Preference
163,Mentor,125,41,21,100,27,35,96,59,52,60,18,39,61,5,156,Agriculture,8,10,7,1,3,4,Female,Female
164,Mentor,111,7,197,133,89,66,150,171,158,21,2,172,107,41,8,Real Estate;Manufacturing;Hospitality,5,10,6,9,3,1,Male,No Preference
165,Mentor,97,13,41,166,89,107,149,164,59,25,11,12,179,98,34,Manufacturing,6,10,1,3,4,5,Male,Male
166,Mentor,84,77,194,172,152,114,110,156,136,141,74,108,87,120,109,Biotechnology;Automotive,4,5,7,1,3,2,Female,Female
167,Mentor,108,197,160,179,134,192,162,128,103,175,126,91,120,55,51,Energy,1,8,10,9,5,3,Male,No Preference
168,Mentor,153,141,126,184,136,104,40,0,6,9,24,43,161,63,106,Consumer Goods;Biotechnology,8,4,1,5,10,6,Male,No Preference
169,Mentor,116,199,120,159,4,40,108,127,109,131,170,24,177,43,7,Biotechnology;Hospitality,10,6,8,5,7,3,Female,No Preference
170,Mentor,53,81,21,10,177,159,175,179,78,170,13,112,4,117,47,Mining,3,9,2,6,5,10,Male,Male
171,Mentor,66,40,88,70,59,14,190,172,116,2,187,115,165,114,133,Hospitality;Manufacturing;Construction,4,1,3,8,9,6,Female,No Preference
172,Mentor,197,158,1,80,43,185,116,55,78,143,53,19,2,15,127,Telecommunications;Information Technology,10,5,8,1,2,9,Male,No Preference
173,Mentor,90,126,101,89,68,161,186,132,175,179,128,170,49,43,2,Pharmaceuticals;Energy;Telecommunications,7,6,5,1,10,8,Male,Male
174,Mentor,74,83,191,79,28,14,152,167,77,144,168,87,186,131,58,Automotive,2,6,10,9,4,5,Male,No Preference
175,Mentor,158,166,151,164,77,160,163,2,89,7,34,72,13,82,123,Manufacturing;Hospitality,4,8,9,6,3,10,Male,No Preference
176,Mentor,37,113,187,161,142,77,155,84,185,199,115,49,70,131,192,Biotechnology;Hospitality,7,3,2,6,9,1,Female,No Preference
177,Mentor,0,16,159,189,179,149,45,38,91,55,183,151,99,107,166,Energy;Biotechnology;Manufacturing,1,2,7,8,9,4,Male,No Preference
178,Mentor,172,136,161,4,16,185,38,109,199,84,159,33,120,24,126,Biotechnology,10,6,9,5,2,3,Female,No Preference
179,Mentor,103,91,139,79,128,45,55,192,146,162,197,120,107,108,71,Real Estate;Energy,3,2,9,10,8,1,Female,No Preference
180,Mentor,64,13,100,52,97,50,125,35,94,55,60,96,156,41,39,Mining;Transportation and Logistics;Agriculture,1,5,2,6,8,7,Female,Female
181,Mentor,188,57,193,89,154,54,66,127,144,73,19,107,164,12,149,Transportation and Logistics;Manufacturing,6,3,7,4,9,5,Male,Male
182,Mentor,75,49,32,153,56,8,181,60,54,164,156,144,176,4,6,Consumer Goods,3,5,7,2,6,9,Female,No Preference
183,Mentor,190,159,29,179,160,52,10,92,4,81,53,123,13,21,122,Mining,5,10,4,2,7,3,Male,No Preference
184,Mentor,89,11,90,196,184,134,8,183,24,159,171,12,139,107,19,Real Estate,7,9,4,8,10,6,Male,Male
185,Mentor,44,46,83,152,140,58,144,85,23,91,131,19,182,191,161,Information Technology;Automotive,7,5,4,9,8,1,Female,No Preference
186,Mentor,184,198,6,90,159,11,183,8,35,180,134,142,45,120,95,Telecommunications;Real Estate;Pharmaceuticals,5,9,4,7,2,8,Female,No Preference
187,Mentor,101,23,14,49,182,24,183,51,72,154,162,95,11,93,109,Real Estate;Information Technology;Pharmaceuticals,2,7,10,8,5,3,Male,No Preference
188,Mentor,82,77,72,7,190,114,49,23,194,153,4,60,20,158,105,Hospitality;Consumer Goods,8,4,10,7,3,6,Male,No Preference
189,Mentor,111,12,134,89,51,139,162,107,196,103,160,179,183,126,66,Real Estate;Energy,5,7,4,9,1,6,Male,No Preference
190,Mentor,170,190,159,94,160,122,78,179,84,10,175,37,29,177,112,Mining,5,8,9,1,10,2,Female,No Preference
191,Mentor,53,109,89,101,23,120,64,85,59,147,119,72,124,154,166,Pharmaceuticals;Information Technology,1,3,5,4,9,2,Female,No Preference
192,Mentor,6,32,194,1,40,57,72,118,129,137,126,38,181,55,163,Consumer Goods;Biotechnology;Information Technology,5,2,6,4,3,7,Male,No Preference
193,Mentor,146,74,117,191,110,156,144,27,79,44,46,65,77,28,14,Automotive,9,2,8,5,7,10,Female,No Preference
194,Mentor,199,159,170,115,126,161,194,192,136,177,108,84,151,57,40,Biotechnology,4,9,2,6,7,3,Male,No Preference
195,Mentor,195,15,185,183,33,75,173,55,116,23,85,14,20,78,140,Information Technology,9,10,5,3,8,6,Female,No Preference
196,Mentor,77,194,8,193,163,23,28,31,21,6,5,54,37,81,131,Hospitality;Consumer Goods;Transportation and Logistics,4,7,2,6,9,1,Male,No Preference
197,Mentor,170,139,186,102,166,126,157,132,185,4,106,0,38,154,89,Biotechnology;Pharmaceuticals,2,8,1,6,3,10,Male,Male
198,Mentor,129,189,162,146,183,117,23,65,115,193,191,178,66,172,31,Transportation and Logistics;Automotive;Energy,9,5,2,4,8,3,Male,No Preference
199,Mentor,123,34,89,11,108,40,166,33,161,24,165,115,4,138,109,Manufacturing;Biotechnology,8,3,6,9,4,1,Female,No Preference
0,Mentee,32,112,87,22,106,54,115,122,176,36,12,178,20,85,194,Biotechnology,6,2,9,8,3,10,Male,No Preference
1,Mentee,123,125,18,154,41,90,187,118,78,129,52,191,172,22,155,Information Technology,8,3,2,7,10,5,Female,No Preference
2,Mentee,175,130,28,83,176,8,112,72,75,96,116,173,118,196,49,Telecommunications;Hospitality,1,8,4,6,5,3,Male,No Preference
3,Mentee,0,136,127,41,82,140,100,130,14,57,153,53,187,109,112,Pharmaceuticals;Telecommunications;Construction,7,3,6,5,10,4,Female,No Preference
4,Mentee,34,112,139,5,137,54,194,131,30,24,103,50,168,106,118,Consumer Goods;Mining;Biotechnology,2,3,1,6,4,10,Male,Male
5,Mentee,110,111,156,97,109,71,28,181,0,89,41,121,120,102,11,Agriculture;Transportation and Logistics,9,3,2,1,4,7,Male,Male
6,Mentee,182,84,83,23,145,147,150,96,87,140,62,117,95,146,191,Pharmaceuticals;Consumer Goods,8,3,7,1,9,2,Female,Female
7,Mentee,188,175,24,72,28,196,116,75,9,176,108,102,103,161,169,Hospitality,5,7,9,4,3,8,Female,No Preference
8,Mentee,147,44,137,20,69,148,40,84,127,96,135,39,91,155,13,Real Estate;Consumer Goods,3,5,4,6,10,1,Male,No Preference
9,Mentee,188,89,64,44,150,139,20,62,30,69,146,84,137,168,192,Consumer Goods,2,9,5,3,4,6,Non-binary,No Preference
10,Mentee,130,53,37,83,47,118,190,180,171,74,45,101,5,34,155,Mining;Construction,9,3,10,4,8,1,Male,No Preference
11,Mentee,68,32,148,56,136,18,138,91,199,144,141,96,186,87,134,Manufacturing;Real Estate,3,8,2,1,7,10,Female,Female
12,Mentee,64,21,44,88,123,30,192,85,24,89,13,188,181,137,155,Real Estate;Manufacturing;Consumer Goods,3,7,6,4,10,1,Male,Male
13,Mentee,40,170,15,68,45,34,83,122,4,171,65,164,136,153,27,Construction;Mining;Manufacturing,6,1,2,5,7,10,Female,No Preference
14,Mentee,41,114,111,124,4,191,34,157,78,18,198,86,99,94,158,Information Technology;Automotive;Construction,5,1,10,9,2,3,Male,No Preference
15,Mentee,58,78,41,77,3,156,158,195,155,129,18,118,124,52,106,Information Technology,7,4,8,6,5,1,Female,No Preference
16,Mentee,191,195,124,154,32,3,52,125,87,178,18,108,113,8,129,Information Technology;Biotechnology,2,4,10,5,1,8,Female,Female
17,Mentee,13,137,24,188,135,30,192,168,44,89,139,20,127,196,64,Consumer Goods,7,5,1,4,8,9,Male,Male
18,Mentee,140,137,28,60,41,196,121,161,79,180,97,120,126,16,110,Transportation and Logistics;Agriculture,2,9,5,3,1,8,Male,No Preference
19,Mentee,21,28,109,0,192,137,81,106,164,93,187,184,34,11,189,Real Estate;Information Technology;Transportation and Logistics,4,9,2,5,1,8,Male,Male
20,Mentee,147,30,135,81,22,188,78,153,84,23,191,116,6,117,74,Information Technology;Pharmaceuticals;Consumer Goods,9,1,2,6,3,5,Male,No Preference
21,Mentee,116,110,159,164,103,49,147,161,9,153,38,6,102,175,79,Mining;Agriculture;Hospitality,7,8,5,10,6,2,Non-binary,No Preference
22,Mentee,191,155,116,195,185,99,3,106,74,53,34,101,137,95,41,Construction;Information Technology,2,6,10,4,7,5,Female,No Preference
23,Mentee,195,156,158,130,77,187,108,106,86,0,68,54,18,176,24,Information Technology;Hospitality;Automotive,4,10,1,5,6,3,Male,No Preference
24,Mentee,12,4,7,154,89,113,162,116,29,87,32,48,179,168,176,Biotechnology;Construction;Real Estate,7,3,8,10,6,1,Female,No Preference
25,Mentee,13,152,136,71,123,88,96,69,127,199,164,32,51,42,18,Manufacturing,5,1,8,10,4,3,Female,No Preference
26,Mentee,97,47,153,101,162,7,130,4,74,29,171,53,137,67,15,Construction,9,4,5,10,1,2,Male,No Preference
27,Mentee,157,39,137,109,63,19,22,110,3,174,125,47,86,147,126,Agriculture;Automotive;Transportation and Logistics,6,9,1,10,7,2,Male,No Preference
28,Mentee,169,196,55,188,115,80,198,68,77,109,24,118,161,108,54,Hospitality;Automotive,9,1,2,5,10,7,Female,No Preference
29,Mentee,31,180,79,23,40,190,77,105,159,34,45,75,5,113,37,Mining,5,2,3,9,10,8,Female,Female
30,Mentee,47,70,19,63,181,20,137,0,71,89,39,101,15,107,198,Transportation and Logistics;Construction,7,8,5,3,4,9,Female,No Preference
31,Mentee,109,181,137,28,1,198,89,20,47,156,0,97,93,196,71,Transportation and Logistics,3,2,10,7,8,9,Male,Male
32,Mentee,146,62,95,147,150,40,70,179,145,107,63,98,69,53,114,Energy;Consumer Goods,2,9,6,10,3,5,Female,Female
33,Mentee,29,187,197,168,115,12,154,112,185,44,113,157,123,124,99,Biotechnology;Information Technology,3,5,6,1,9,7,Male,No Preference
34,Mentee,141,87,69,144,171,199,68,18,96,138,136,119,42,13,32,Manufacturing,7,5,9,10,4,2,Female,Female
35,Mentee,146,143,141,125,17,60,108,111,110,35,109,11,0,57,129,Agriculture;Telecommunications,9,2,3,7,8,4,Female,No Preference
36,Mentee,41,148,11,22,21,111,49,15,154,73,102,110,60,147,163,Agriculture,1,9,6,8,7,3,Male,No Preference
37,Mentee,40,72,196,46,38,164,122,131,118,34,130,77,143,171,28,Hospitality;Mining,2,8,4,10,5,3,Female,No Preference
38,Mentee,199,191,54,87,67,39,14,192,65,48,1,173,79,60,176,Pharmaceuticals;Biotechnology,8,4,10,3,6,7,Male,No Preference
39,Mentee,142,49,111,73,161,60,61,154,11,148,41,125,6,15,180,Agriculture,6,8,3,10,1,2,Female,No Preference
40,Mentee,139,115,133,177,52,8,199,166,122,87,176,78,178,112,101,Construction;Biotechnology,8,10,1,2,7,3,Female,No Preference
41,Mentee,12,60,66,171,133,74,129,110,32,11,87,142,191,61,111,Agriculture;Manufacturing;Pharmaceuticals,7,6,1,9,4,10,Female,No Preference
42,Mentee,49,141,0,114,171,82,101,139,41,67,4,17,130,15,162,Telecommunications;Construction,9,5,10,6,4,8,Female,No Preference
43,Mentee,141,133,52,98,12,146,104,109,48,22,113,82,83,81,194,Telecommunications;Biotechnology,4,6,10,3,2,9,Male,No Preference
44,Mentee,116,97,73,129,198,86,15,34,77,120,89,154,98,36,11,Agriculture;Real Estate;Automotive,2,3,9,10,5,7,Non-binary,No Preference
45,Mentee,57,6,4,136,54,17,12,13,38,28,83,53,172,33,92,Telecommunications;Energy,2,5,6,4,1,9,Male,No Preference
46,Mentee,29,28,12,11,17,34,143,55,3,36,49,41,26,8,0,Automotive;Telecommunications,4,3,5,1,9,2,Non-binary,Non-binary
47,Mentee,43,110,41,60,40,148,5,49,142,140,118,120,122,31,76,Mining;Agriculture,6,10,8,2,5,3,Male,No Preference
48,Mentee,160,47,60,139,115,34,43,74,118,191,183,159,180,38,77,Pharmaceuticals;Mining;Construction,5,6,3,7,8,4,Female,No Preference
49,Mentee,191,67,28,152,168,74,60,192,25,46,171,117,59,121,169,Consumer Goods;Pharmaceuticals;Hospitality,10,3,7,1,6,5,Male,No Preference
50,Mentee,0,47,196,132,151,180,19,16,63,181,79,198,109,39,148,Transportation and Logistics,9,1,2,3,4,7,Female,No Preference
51,Mentee,67,39,13,6,14,92,27,187,53,167,72,25,17,189,38,Energy;Pharmaceuticals,8,2,1,5,9,6,Female,No Preference
52,Mentee,12,129,61,125,73,190,5,143,148,38,35,82,183,126,8,Telecommunications;Mining;Agriculture,5,8,6,3,7,10,Female,No Preference
53,Mentee,148,108,1,45,61,38,40,185,155,3,23,75,160,187,81,Information Technology;Agriculture;Mining,3,2,9,4,8,6,Male,No Preference
54,Mentee,130,117,13,107,30,62,145,87,74,69,64,150,198,97,1,Consumer Goods;Transportation and Logistics;Construction,3,2,7,10,4,9,Male,No Preference
55,Mentee,22,43,75,126,95,179,123,34,170,66,13,173,129,185,2,Information Technology;Energy;Mining,9,1,4,10,2,3,Female,No Preference
56,Mentee,196,137,127,139,64,84,140,19,40,39,13,117,192,20,150,Consumer Goods,10,7,1,3,2,9,Female,No Preference
57,Mentee,196,177,29,36,0,1,85,109,181,198,78,65,194,122,156,Biotechnology;Transportation and Logistics,5,1,2,9,4,8,Male,Male
58,Mentee,129,174,90,137,181,6,20,148,94,193,151,149,103,116,3,Transportation and Logistics;Automotive;Information Technology,8,7,10,3,4,1,Non-binary,No Preference
59,Mentee,96,147,154,163,138,87,125,161,18,148,35,119,180,39,140,Manufacturing;Pharmaceuticals;Agriculture,7,3,5,10,6,2,Female,Female
60,Mentee,69,61,125,161,96,95,129,19,84,108,62,49,114,23,35,Agriculture;Consumer Goods,1,8,4,2,10,5,Female,Female
61,Mentee,125,142,22,120,21,102,15,140,110,154,60,121,111,180,161,Agriculture,9,4,7,5,2,10,Female,No Preference
62,Mentee,101,130,139,162,153,67,23,171,74,29,53,83,15,7,137,Construction,3,7,4,5,8,1,Male,No Preference
63,Mentee,137,15,84,140,95,69,182,24,30,196,145,44,64,127,139,Consumer Goods,2,9,7,10,8,5,Female,No Preference
64,Mentee,7,131,38,186,5,79,112,45,23,118,187,76,31,37,137,Pharmaceuticals;Construction;Mining,10,9,1,7,2,4,Female,No Preference
65,Mentee,193,116,161,26,171,55,34,152,120,75,68,103,28,46,121,Hospitality;Automotive,1,3,9,7,6,4,Male,No Preference
66,Mentee,103,19,89,2,179,47,164,59,169,70,16,38,63,115,167,Energy;Transportation and Logistics;Hospitality,7,5,9,3,4,2,Male,No Preference
67,Mentee,153,47,29,97,162,23,15,53,139,171,137,130,4,67,101,Construction,10,5,4,3,6,9,Non-binary,No Preference
68,Mentee,82,172,17,49,143,127,0,83,29,132,41,28,112,113,98,Telecommunications,6,4,5,2,10,9,Male,No Preference
69,Mentee,60,112,110,81,41,121,173,123,153,6,73,97,102,109,126,Telecommunications;Agriculture,7,4,3,9,5,1,Male,Male
70,Mentee,12,103,59,74,46,176,75,169,14,39,9,130,161,28,53,Hospitality;Pharmaceuticals,4,5,3,6,1,10,Female,No Preference
71,Mentee,189,56,187,21,164,134,154,179,116,186,36,91,155,148,184,Real Estate,6,3,1,8,4,5,Female,No Preference
72,Mentee,129,54,77,81,28,103,196,164,95,58,108,185,118,24,172,Hospitality;Information Technology,2,9,4,7,6,5,Female,No Preference
73,Mentee,63,198,97,70,28,149,47,196,128,1,132,181,20,0,151,Transportation and Logistics,7,2,9,4,6,5,Male,No Preference
74,Mentee,166,120,34,174,75,198,77,109,80,68,11,26,111,129,103,Automotive,4,8,10,1,6,7,Female,No Preference
75,Mentee,123,70,58,196,41,129,13,4,157,39,40,195,11,62,125,Consumer Goods;Information Technology;Energy,5,7,10,3,2,6,Female,No Preference
76,Mentee,75,34,120,74,67,53,80,174,185,94,162,7,171,11,109,Construction;Automotive,8,7,3,5,1,10,Male,No Preference
77,Mentee,164,94,188,152,48,24,28,175,193,185,86,176,34,169,161,Hospitality;Automotive,9,4,8,7,3,1,Female,No Preference
78,Mentee,124,37,34,185,158,129,122,6,81,172,11,97,52,53,29,Mining;Information Technology;Construction,7,4,1,2,8,10,Male,No Preference
79,Mentee,198,116,86,36,134,129,186,26,187,98,3,56,185,114,155,Automotive;Real Estate,1,6,7,2,3,4,Female,No Preference
80,Mentee,36,28,104,141,98,143,17,65,100,172,123,29,113,146,81,Telecommunications,5,1,9,6,8,2,Female,No Preference
81,Mentee,93,159,47,40,23,132,122,113,97,103,180,39,156,20,37,Transportation and Logistics;Mining,7,5,10,2,4,9,Male,No Preference
82,Mentee,173,29,48,96,8,132,103,161,136,83,109,0,186,57,36,Hospitality;Telecommunications,10,1,6,9,2,5,Male,No Preference
83,Mentee,81,0,193,103,83,68,198,75,94,113,36,172,57,111,174,Automotive;Telecommunications,7,2,10,3,5,8,Non-binary,No Preference
84,Mentee,43,54,77,190,48,31,112,50,159,20,176,38,85,29,106,Mining;Biotechnology,9,2,5,10,1,7,Female,No Preference
85,Mentee,192,58,106,90,155,22,6,52,125,3,116,81,158,99,95,Information Technology,5,10,3,2,9,4,Male,No Preference
86,Mentee,67,79,53,83,39,115,72,112,17,1,191,14,140,187,74,Pharmaceuticals,6,5,7,2,8,1,Male,No Preference
87,Mentee,80,23,193,159,114,180,45,79,190,55,3,129,185,105,166,Automotive;Mining,9,1,10,5,8,4,Female,Female
88,Mentee,101,162,7,97,67,4,139,74,83,53,130,23,15,137,153,Construction,3,9,4,6,7,8,Non-binary,No Preference
89,Mentee,60,133,177,164,112,123,27,189,115,1,116,152,21,71,173,Manufacturing;Real Estate;Pharmaceuticals,7,1,10,9,3,5,Male,Male
90,Mentee,67,15,72,27,197,154,164,1,7,137,60,153,83,4,91,Construction;Real Estate;Pharmaceuticals,6,3,10,4,7,5,Male,No Preference
91,Mentee,118,123,129,112,79,6,191,34,115,25,10,11,18,53,157,Information Technology;Pharmaceuticals;Energy,1,3,5,10,4,7,Male,No Preference
92,Mentee,58,76,191,125,90,129,18,118,34,37,131,31,195,157,185,Mining;Information Technology,8,7,4,5,2,1,Non-binary,No Preference
93,Mentee,155,39,93,77,22,128,181,192,125,6,11,16,180,18,185,Transportation and Logistics;Information Technology,5,1,9,2,3,8,Female,No Preference
94,Mentee,20,86,170,190,70,185,166,118,121,114,193,113,68,76,183,Transportation and Logistics;Mining;Automotive,7,2,5,9,3,6,Female,No Preference
95,Mentee,191,72,59,67,25,115,27,83,1,79,140,12,17,197,153,Pharmaceuticals,9,8,2,7,10,1,Male,No Preference
96,Mentee,140,22,128,108,111,129,126,49,41,153,157,180,161,163,11,Agriculture,5,7,8,9,1,2,Female,No Preference
97,Mentee,32,131,118,83,25,65,133,37,115,171,197,85,79,138,191,Mining;Pharmaceuticals;Manufacturing,7,1,3,8,2,10,Female,No Preference
98,Mentee,51,42,175,13,65,177,88,144,164,96,27,152,181,165,133,Manufacturing,6,4,3,8,1,5,Male,No Preference
99,Mentee,123,136,65,71,18,66,181,51,175,141,164,87,13,199,88,Manufacturing,1,10,3,5,2,9,Female,No Preference
100,Mentee,153,157,150,11,49,121,60,22,148,15,161,154,35,21,129,Agriculture,3,6,1,9,5,8,Female,No Preference
101,Mentee,17,67,12,39,74,14,115,79,72,83,53,173,25,60,187,Pharmaceuticals,9,7,2,8,3,5,Male,No Preference
102,Mentee,197,173,59,1,74,153,67,12,27,187,112,115,60,72,25,Pharmaceuticals,2,4,3,8,9,6,Male,Male
103,Mentee,137,126,198,167,147,107,196,192,54,15,69,140,168,117,92,Energy;Consumer Goods,9,6,10,1,7,4,Male,No Preference
104,Mentee,168,18,155,182,84,188,94,125,117,127,20,116,6,69,81,Consumer Goods;Automotive;Information Technology,3,1,5,6,8,4,Male,No Preference
105,Mentee,75,152,73,21,130,169,140,48,164,28,163,6,121,9,180,Agriculture;Hospitality,6,10,7,9,3,5,Male,No Preference
106,Mentee,9,172,169,90,58,77,50,102,123,24,34,197,164,113,48,Hospitality;Information Technology;Biotechnology,7,3,4,6,5,1,Male,No Preference
107,Mentee,155,74,144,186,134,18,119,67,85,56,116,17,69,59,179,Manufacturing;Real Estate;Pharmaceuticals,6,7,9,8,5,3,Male,No Preference
108,Mentee,197,54,4,178,73,70,113,167,189,50,85,198,65,112,13,Biotechnology;Energy,6,7,1,2,10,8,Female,No Preference
109,Mentee,48,176,29,58,87,171,67,34,77,3,108,12,199,168,156,Construction;Biotechnology;Information Technology,3,1,5,7,8,10,Female,No Preference
110,Mentee,55,120,34,185,80,198,166,11,0,174,26,3,94,193,103,Automotive,9,6,5,8,7,2,Female,No Preference
111,Mentee,36,195,77,125,116,109,184,120,58,94,156,86,166,111,193,Real Estate;Automotive;Information Technology,5,1,9,2,4,8,Female,No Preference
112,Mentee,155,183,111,118,43,130,34,131,97,120,26,153,137,122,47,Mining;Construction;Automotive,4,9,2,10,6,1,Male,Male
113,Mentee,168,65,194,179,177,12,85,106,155,50,112,78,81,36,48,Biotechnology;Real Estate,4,8,9,1,6,3,Female,No Preference
114,Mentee,178,169,171,8,113,46,108,75,12,161,87,9,48,125,32,Hospitality;Biotechnology,5,6,8,4,2,10,Female,Female
115,Mentee,47,180,128,22,198,171,151,188,75,93,91,181,102,72,36,Transportation and Logistics;Biotechnology;Hospitality,10,5,4,7,9,2,Male,No Preference
116,Mentee,20,22,137,67,177,115,6,74,47,97,130,133,192,194,158,Information Technology;Construction;Biotechnology,5,10,9,7,6,3,Male,Male
117,Mentee,19,128,71,109,43,76,39,129,91,170,5,131,28,166,55,Mining;Automotive;Transportation and Logistics,8,5,3,10,1,2,Male,No Preference
118,Mentee,70,84,149,150,147,117,145,109,148,1,69,24,137,95,93,Transportation and Logistics;Consumer Goods,3,2,9,6,10,7,Male,No Preference
119,Mentee,59,140,14,17,191,186,83,79,12,39,1,53,27,60,25,Pharmaceuticals,3,10,9,5,6,8,Female,Female
120,Mentee,1,189,14,125,52,108,12,167,192,178,186,83,92,50,106,Pharmaceuticals;Energy;Biotechnology,3,8,5,4,2,9,Female,No Preference
121,Mentee,33,13,63,53,167,73,107,179,177,38,4,98,6,189,2,Energy,8,5,1,9,6,7,Female,No Preference
122,Mentee,131,40,113,183,23,118,77,159,170,37,45,31,121,160,190,Mining,7,6,3,9,8,2,Female,No Preference
123,Mentee,105,133,31,136,119,85,37,127,118,171,181,88,160,175,131,Mining;Manufacturing,4,2,9,8,10,7,Female,No Preference
124,Mentee,185,6,116,18,1,118,52,195,191,34,77,123,99,156,3,Information Technology,1,8,9,6,3,2,Female,No Preference
125,Mentee,153,163,161,147,150,116,11,102,56,157,134,154,148,36,89,Agriculture;Real Estate,10,2,6,5,3,1,Female,No Preference
126,Mentee,177,92,197,81,29,50,66,54,78,59,85,115,167,65,189,Biotechnology;Energy,6,3,1,8,5,10,Male,Male
127,Mentee,143,19,34,9,16,77,187,161,198,91,55,99,22,156,93,Transportation and Logistics;Information Technology;Hospitality,10,8,7,6,4,2,Male,No Preference
128,Mentee,38,107,59,126,167,73,179,92,54,33,13,98,63,48,10,Energy,2,1,8,9,4,6,Male,No Preference
129,Mentee,53,145,15,107,4,70,23,40,83,96,150,140,182,19,147,Consumer Goods;Energy;Construction,1,3,5,8,4,9,Female,Female
130,Mentee,116,121,130,175,102,152,115,24,164,103,72,28,118,54,196,Hospitality,7,2,5,10,9,4,Male,Male
131,Mentee,94,48,46,86,53,161,193,166,7,80,83,129,77,68,114,Hospitality;Automotive;Construction,2,7,6,9,4,3,Female,Female
132,Mentee,153,74,53,25,140,115,14,59,112,39,72,186,173,12,83,Pharmaceuticals,6,2,3,9,1,7,Male,No Preference
133,Mentee,9,161,46,28,48,24,102,171,54,176,108,75,72,169,103,Hospitality,4,2,3,10,5,8,Female,Female
134,Mentee,167,59,89,177,10,38,155,92,21,137,116,126,54,73,164,Transportation and Logistics;Energy;Real Estate,10,4,3,7,1,6,Male,Male
135,Mentee,35,129,73,15,21,61,120,11,6,126,157,161,121,102,142,Agriculture,7,5,1,10,6,3,Male,No Preference
136,Mentee,32,78,178,20,12,48,133,115,108,194,166,87,177,29,85,Biotechnology,9,10,2,3,1,6,Female,No Preference
137,Mentee,127,95,62,15,39,139,19,114,89,30,192,44,96,188,147,Consumer Goods,9,3,4,1,6,8,Female,No Preference
138,Mentee,69,8,132,141,114,42,17,146,104,96,68,12,171,138,186,Manufacturing;Telecommunications,6,2,7,10,9,1,Female,Female
139,Mentee,17,56,74,67,197,184,91,155,72,36,12,25,89,21,59,Real Estate;Pharmaceuticals,5,9,7,3,10,4,Male,No Preference
140,Mentee,11,158,123,3,95,77,81,129,116,58,18,90,52,34,187,Information Technology,2,4,3,7,10,5,Male,No Preference
141,Mentee,50,8,29,197,78,177,194,122,12,125,54,169,133,112,168,Biotechnology,10,3,9,5,1,6,Female,No Preference
142,Mentee,119,85,29,65,136,87,121,109,83,49,161,176,175,81,96,Telecommunications;Hospitality;Manufacturing,6,5,3,9,7,8,Female,No Preference
143,Mentee,127,29,36,100,98,143,112,146,81,141,17,0,96,104,136,Telecommunications,9,2,4,8,3,7,Male,No Preference
144,Mentee,44,30,79,181,40,111,16,180,196,132,15,70,145,95,149,Consumer Goods;Automotive;Transportation and Logistics,8,6,5,4,10,1,Male,No Preference
145,Mentee,173,186,8,141,12,98,36,96,65,104,29,112,28,143,57,Telecommunications,4,7,10,3,8,1,Non-binary,No Preference
146,Mentee,114,186,91,55,80,129,185,166,68,98,134,154,94,148,179,Automotive;Real Estate,5,3,1,9,2,8,Female,Female
147,Mentee,6,77,19,185,78,125,18,0,132,53,63,148,195,79,101,Transportation and Logistics;Construction;Information Technology,6,4,2,1,7,3,Male,No Preference
148,Mentee,156,127,140,100,137,82,63,180,91,74,47,36,153,141,49,Transportation and Logistics;Telecommunications;Pharmaceuticals,5,4,9,2,3,6,Female,No Preference
149,Mentee,27,164,13,18,152,66,165,133,127,119,42,32,51,96,141,Manufacturing,8,3,2,1,5,7,Male,No Preference
150,Mentee,53,79,143,115,197,175,187,112,116,54,118,161,24,83,169,Pharmaceuticals;Hospitality,7,6,4,2,9,10,Female,No Preference
151,Mentee,24,168,8,32,125,175,103,161,20,176,115,87,29,102,112,Biotechnology;Hospitality,4,7,3,10,1,9,Male,No Preference
152,Mentee,103,166,11,0,111,193,68,26,174,75,55,114,3,129,94,Automotive,8,1,9,2,6,5,Female,No Preference
153,Mentee,84,188,40,139,117,150,146,145,44,192,24,30,96,114,19,Consumer Goods,7,4,6,1,10,9,Female,No Preference
154,Mentee,1,72,93,181,198,0,153,27,187,47,156,28,109,137,97,Pharmaceuticals;Transportation and Logistics,9,4,6,3,8,10,Male,Male
155,Mentee,52,176,122,29,169,32,133,166,50,22,177,125,199,87,106,Biotechnology,7,8,2,5,9,3,Female,No Preference
156,Mentee,44,22,13,111,174,193,75,60,125,192,109,34,140,89,11,Agriculture;Automotive;Consumer Goods,4,2,8,10,7,9,Female,No Preference
157,Mentee,53,186,197,191,17,59,153,115,14,173,60,25,74,1,140,Pharmaceuticals,3,10,8,2,5,4,Male,No Preference
158,Mentee,136,185,83,94,86,114,96,17,146,75,77,82,3,193,49,Automotive;Hospitality;Telecommunications,4,3,5,6,10,1,Female,Female
159,Mentee,54,22,81,29,5,50,122,184,85,44,177,21,20,116,89,Biotechnology;Real Estate;Mining,3,1,9,7,2,8,Male,Male
160,Mentee,77,33,170,176,38,43,171,5,113,10,106,107,40,48,190,Energy;Hospitality;Mining,7,6,4,2,3,1,Female,No Preference
161,Mentee,156,57,98,78,77,0,187,87,169,34,146,124,113,48,176,Information Technology;Telecommunications;Biotechnology,9,10,5,4,1,3,Male,No Preference
162,Mentee,179,167,186,184,154,116,164,21,98,148,73,4,66,177,36,Energy;Real Estate,3,9,1,8,2,6,Female,No Preference
163,Mentee,90,82,129,0,185,103,1,65,109,124,18,12,24,161,72,Information Technology;Hospitality;Telecommunications,1,10,5,2,6,9,Male,No Preference
164,Mentee,196,156,18,20,28,139,15,128,140,133,69,107,19,0,171,Manufacturing;Consumer Goods;Transportation and Logistics,7,8,6,1,10,2,Male,No Preference
165,Mentee,66,85,164,133,144,69,171,13,71,32,42,96,175,152,127,Manufacturing,4,7,8,3,5,10,Female,No Preference
166,Mentee,115,165,196,175,13,74,164,197,67,51,65,88,24,127,123,Manufacturing;Pharmaceuticals;Consumer Goods,3,4,6,1,5,8,Male,Male
167,Mentee,120,3,80,114,55,75,68,34,185,11,166,111,193,198,77,Automotive,3,7,5,9,10,8,Male,No Preference
168,Mentee,102,114,97,198,15,142,150,148,128,6,111,120,55,80,103,Automotive;Agriculture,3,4,2,8,5,10,Male,No Preference
169,Mentee,151,128,91,47,19,97,55,0,63,156,198,70,89,20,79,Transportation and Logistics,10,4,6,3,1,2,Male,No Preference
170,Mentee,178,75,159,183,34,167,8,36,98,160,118,112,13,6,190,Energy;Biotechnology;Mining,4,1,10,2,5,6,Male,No Preference
171,Mentee,186,184,91,179,148,21,98,134,56,187,164,189,36,89,154,Real Estate,2,8,6,3,7,5,Male,No Preference
172,Mentee,6,75,59,102,63,8,73,22,152,121,87,48,28,130,20,Energy;Hospitality;Biotechnology,3,1,4,6,2,7,Female,No Preference
173,Mentee,172,99,129,154,185,195,1,156,95,78,158,191,118,187,52,Information Technology,1,3,4,10,6,5,Male,No Preference
174,Mentee,83,82,100,173,17,81,136,29,12,123,65,104,49,28,186,Telecommunications,2,6,7,9,3,4,Female,No Preference
175,Mentee,167,45,2,76,179,43,183,5,23,160,6,75,79,48,190,Mining;Energy,1,4,8,9,10,5,Male,No Preference
176,Mentee,72,54,164,135,23,62,147,46,139,143,127,69,169,89,84,Hospitality;Consumer Goods,7,4,9,10,2,5,Female,No Preference
177,Mentee,22,65,34,45,118,40,32,194,5,197,131,133,183,105,50,Mining;Biotechnology,4,2,7,9,10,6,Male,No Preference
178,Mentee,93,0,107,89,55,63,28,148,19,198,70,97,1,16,132,Transportation and Logistics,9,6,5,4,7,1,Female,No Preference
179,Mentee,131,121,170,118,126,189,198,51,127,173,167,76,160,43,133,Mining;Manufacturing;Energy,6,7,2,8,5,9,Male,Male
180,Mentee,65,36,146,181,114,93,12,0,104,49,112,19,29,16,123,Telecommunications;Transportation and Logistics,6,1,10,3,2,5,Female,No Preference
181,Mentee,106,95,126,24,2,10,84,20,15,63,39,182,73,127,147,Consumer Goods;Energy,7,2,8,3,6,10,Female,No Preference
182,Mentee,137,185,19,39,89,47,172,95,132,67,93,78,15,16,101,Construction;Transportation and Logistics;Information Technology,8,6,3,5,2,1,Male,No Preference
183,Mentee,164,11,36,21,78,148,73,2,125,81,167,3,70,34,107,Information Technology;Real Estate;Energy,6,2,9,5,8,3,Male,No Preference
184,Mentee,147,91,154,116,114,188,140,20,137,150,186,196,189,40,145,Consumer Goods;Real Estate,3,9,4,5,6,10,Male,No Preference
185,Mentee,29,155,124,192,176,116,197,36,195,122,191,157,123,77,177,Information Technology;Biotechnology,7,6,4,5,2,9,Male,No Preference
186,Mentee,25,13,73,67,54,38,66,6,177,92,103,126,11,59,60,Energy;Pharmaceuticals;Automotive,8,3,2,4,7,10,Male,Male
187,Mentee,126,150,103,118,21,157,6,128,108,120,9,147,176,75,28,Agriculture;Hospitality,10,8,3,4,2,6,Male,No Preference
188,Mentee,63,132,70,0,198,71,79,97,16,107,47,181,39,149,93,Transportation and Logistics,8,4,9,7,5,10,Male,No Preference
189,Mentee,107,70,4,66,98,198,38,6,189,33,2,10,54,53,173,Energy,9,4,2,6,1,5,Female,No Preference
190,Mentee,55,196,160,108,128,115,54,46,159,38,72,176,118,116,91,Transportation and Logistics;Hospitality;Mining,8,1,2,7,4,3,Female,No Preference
191,Mentee,68,185,26,198,114,77,193,34,174,129,120,109,11,111,55,Automotive,7,2,8,10,1,3,Male,No Preference
192,Mentee,50,78,32,194,92,59,65,52,6,108,168,53,29,173,192,Energy;Biotechnology,10,3,7,1,9,5,Female,No Preference
193,Mentee,149,47,20,55,91,89,79,19,181,148,156,63,196,109,1,Transportation and Logistics,2,8,3,6,5,4,Male,No Preference
194,Mentee,186,106,91,116,154,178,20,56,22,32,133,184,196,169,152,Hospitality;Biotechnology;Real Estate,3,8,1,9,10,4,Female,No Preference
195,Mentee,81,187,6,58,1,18,156,129,41,78,191,99,106,22,124,Information Technology,7,1,6,10,4,9,Female,No Preference
196,Mentee,189,36,116,89,184,56,155,91,134,164,98,154,21,148,186,Real Estate,4,8,10,6,2,7,Male,No Preference
197,Mentee,78,92,1,98,70,73,157,125,148,126,184,11,91,99,3,Real Estate;Information Technology;Energy,10,6,4,7,5,3,Female,No Preference
198,Mentee,173,123,36,132,113,0,98,57,136,96,100,83,82,109,41,Telecommunications,4,7,3,5,9,1,Female,No Preference
199,Mentee,8,106,115,52,32,197,176,36,44,22,178,122,194,125,50,Biotechnology,6,7,10,8,9,5,Male,No Preference
