ID,Preference 1,Preference 2,Preference 3,Preference 4,Preference 5,Preference 6,Preference 7,Preference 8,Preference 9,Preference 10,Preference 11,Preference 12,Preference 13,Preference 14,Preference 15,Industry,Rank 1,Rank 2,Rank 3,Rank 4,Rank 5,Rank 6,Rank 7,Gender,Gender Preference
0,97,180,4,43,40,53,33,63,67,109,120,10,147,136,137,Agriculture;Pharmaceuticals;Information Technology;Manufacturing,6,8,10,1,9,3,7,Male,Male
1,170,59,182,133,162,151,82,0,132,157,99,146,67,31,46,Real Estate;Mining,4,3,5,2,1,8,6,Male,No Preference
2,177,57,47,129,51,140,16,187,48,136,2,69,3,185,108,Real Estate;Manufacturing;Transportation and Logistics,5,2,4,10,9,8,1,Female,No Preference
3,83,159,111,91,4,21,44,127,156,49,119,190,176,161,181,Information Technology,8,5,4,6,7,2,10,Male,No Preference
4,58,184,175,153,144,67,132,140,108,23,133,35,74,7,82,Mining,10,7,3,6,1,8,9,Male,Male
5,30,148,56,21,39,160,62,118,185,163,116,192,127,129,131,Real Estate;Energy;Biotechnology,4,6,5,9,1,3,7,Female,Female
6,93,185,36,52,75,166,77,22,123,50,57,162,190,1,133,Hospitality;Automotive;Real Estate;Manufacturing;Mining,1,4,5,3,9,8,10,Male,No Preference
7,62,0,104,93,29,126,32,115,164,38,118,160,174,166,135,Pharmaceuticals;Hospitality;Agriculture;Transportation and Logistics,8,5,1,2,9,7,10,Female,Female
8,83,20,91,40,98,53,87,81,97,38,70,111,161,158,152,Information Technology,3,8,1,9,2,10,5,Male,No Preference
9,31,32,155,44,38,131,89,105,80,173,6,118,48,176,98,Pharmaceuticals;Energy;Hospitality;Biotechnology;Real Estate,7,8,1,10,4,3,2,Female,Female
10,158,140,1,67,147,119,121,170,51,108,17,122,63,112,179,Mining;Agriculture,1,8,9,6,4,3,2,Male,Male
11,110,63,177,141,103,133,184,195,189,69,77,94,57,56,163,Manufacturing;Energy;Agriculture,4,7,3,2,8,1,6,Male,No Preference
12,10,174,101,127,177,22,96,106,12,79,118,81,139,60,49,Hospitality;Construction;Mining;Energy;Consumer Goods,7,9,10,6,4,2,5,Male,No Preference
13,137,69,180,191,59,144,127,86,65,145,116,123,14,52,32,Telecommunications;Real Estate;Information Technology,4,2,9,5,6,7,1,Male,No Preference
14,39,116,146,29,99,151,68,126,118,176,75,77,129,192,70,Real Estate,8,2,3,7,1,5,9,Female,Female
15,161,107,181,180,156,137,150,28,94,168,124,21,109,78,70,Energy;Information Technology;Telecommunications,4,9,2,10,1,5,6,Male,No Preference
16,121,51,124,159,88,162,37,59,149,182,153,58,31,2,30,Mining;Agriculture,1,7,10,9,5,6,3,Male,No Preference
17,153,146,58,12,38,70,144,61,137,74,2,5,39,21,68,Information Technology;Mining;Real Estate,8,10,4,1,3,2,9,Female,No Preference
18,159,184,86,65,59,134,48,78,196,83,158,127,100,82,109,Manufacturing,2,4,9,8,3,1,5,Male,No Preference
19,135,61,67,146,28,49,70,163,69,37,181,126,160,129,27,Information Technology;Biotechnology,6,8,3,4,2,5,7,Male,No Preference
20,27,174,21,99,163,29,123,135,134,160,116,38,70,44,77,Agriculture;Telecommunications;Real Estate;Automotive;Information Technology,4,3,9,5,8,10,1,Female,Female
21,144,157,187,123,146,116,53,100,183,45,130,8,39,90,98,Manufacturing;Real Estate;Mining;Pharmaceuticals,2,1,9,5,10,6,4,Female,No Preference
22,182,69,41,45,185,25,55,50,137,191,178,44,8,39,103,Real Estate;Transportation and Logistics;Consumer Goods,5,1,10,4,7,6,2,Male,No Preference
23,93,104,63,158,131,50,164,66,133,174,189,22,112,86,144,Agriculture;Transportation and Logistics,2,8,7,9,5,3,10,Female,No Preference
24,122,54,18,171,103,93,120,199,137,174,24,128,81,195,99,Consumer Goods;Construction;Agriculture,5,3,9,10,1,2,6,Male,No Preference
25,156,93,163,152,45,187,199,182,164,44,41,137,18,186,149,Automotive;Consumer Goods,3,7,5,2,8,4,9,Female,No Preference
26,123,132,70,133,83,46,69,74,88,4,23,35,58,184,51,Mining,3,1,4,6,10,9,8,Male,No Preference
27,113,97,0,135,160,144,9,37,158,179,194,192,193,62,29,Agriculture,7,2,5,10,6,4,1,Female,No Preference
28,89,165,119,39,61,167,146,27,75,20,3,103,193,140,79,Energy;Telecommunications;Manufacturing,5,9,1,8,7,2,4,Male,No Preference
29,112,91,159,71,192,156,14,49,34,75,16,33,138,8,51,Biotechnology;Automotive;Construction;Manufacturing,8,10,7,1,2,4,5,Male,No Preference
30,48,27,163,25,173,151,189,129,50,166,126,62,98,30,160,Biotechnology,2,7,4,10,9,3,1,Female,Female
31,159,65,81,168,91,40,43,110,1,15,45,28,78,103,31,Telecommunications;Information Technology;Hospitality;Pharmaceuticals;Energy,6,4,2,9,5,1,10,Male,No Preference
32,167,165,152,117,140,150,79,36,94,88,162,187,35,119,110,Telecommunications;Energy,9,3,2,10,5,1,6,Male,Male
33,129,38,39,176,152,189,67,99,55,140,133,102,6,86,97,Biotechnology;Transportation and Logistics;Real Estate;Energy;Information Technology,8,9,3,6,10,7,5,Female,No Preference
34,177,66,3,70,61,118,89,52,93,187,14,20,44,145,157,Real Estate;Energy;Automotive,1,2,7,6,10,5,4,Female,No Preference
35,152,87,30,147,17,16,161,54,164,145,158,184,192,6,44,Agriculture;Biotechnology;Information Technology,3,5,2,7,9,4,6,Male,No Preference
36,177,155,60,65,75,87,79,81,89,140,88,61,38,1,80,Telecommunications;Information Technology;Hospitality;Energy,7,8,9,10,5,2,1,Female,No Preference
37,174,156,5,32,50,151,102,188,193,90,185,38,80,160,168,Energy;Biotechnology;Hospitality;Information Technology,8,1,10,2,7,5,4,Male,No Preference
38,33,48,106,96,142,114,2,47,189,85,159,156,148,122,161,Construction,3,2,5,8,1,4,6,Male,No Preference
39,30,175,144,128,78,123,167,2,134,142,51,132,67,12,11,Automotive;Consumer Goods;Telecommunications;Mining,5,9,4,1,3,8,2,Male,No Preference
40,144,146,124,177,194,59,58,75,82,125,22,176,4,148,36,Agriculture;Mining;Telecommunications;Energy,3,6,10,8,9,1,7,Female,No Preference
41,151,48,199,125,164,11,148,189,54,127,192,114,61,100,143,Consumer Goods;Information Technology;Biotechnology,1,5,9,4,3,7,2,Male,No Preference
42,150,114,93,75,180,119,149,177,174,152,30,77,140,184,21,Pharmaceuticals;Automotive;Telecommunications,9,4,6,5,2,1,7,Male,No Preference
43,131,27,97,163,67,56,156,137,98,35,101,166,109,88,189,Biotechnology,6,5,1,10,2,4,7,Female,No Preference
44,99,141,46,167,149,96,70,56,136,27,89,37,77,19,43,Hospitality;Agriculture;Transportation and Logistics,8,9,10,3,7,2,4,Male,No Preference
45,59,24,164,70,138,85,16,187,64,97,15,195,179,8,156,Manufacturing;Automotive;Pharmaceuticals;Consumer Goods;Information Technology,7,9,4,3,10,2,6,Male,No Preference
46,88,136,152,28,157,153,196,43,15,58,100,179,1,103,53,Telecommunications;Pharmaceuticals,10,1,6,5,3,8,2,Male,Male
47,86,32,123,58,46,27,28,9,74,150,191,198,65,145,114,Telecommunications,2,10,5,6,9,7,1,Female,No Preference
48,195,142,118,18,126,190,178,105,104,84,11,174,127,21,177,Energy;Construction;Transportation and Logistics;Consumer Goods,3,1,8,7,2,9,10,Female,Female
49,157,45,103,107,13,175,51,114,136,112,46,196,53,120,23,Pharmaceuticals;Hospitality,4,8,2,9,3,7,10,Male,Male
50,162,36,88,41,117,79,61,197,45,101,198,150,83,12,125,Energy;Consumer Goods,6,8,2,1,10,9,5,Male,Male
51,11,142,90,156,18,103,108,164,145,129,186,2,199,115,134,Construction;Consumer Goods;Telecommunications,10,7,5,4,3,8,2,Female,No Preference
52,195,119,50,45,196,183,114,26,93,70,48,174,125,118,106,Pharmaceuticals;Transportation and Logistics,8,2,7,6,3,10,1,Female,No Preference
53,122,179,102,0,199,43,177,71,78,99,128,73,120,66,138,Automotive,1,4,3,9,7,8,2,Male,No Preference
54,180,177,44,108,167,15,2,103,111,45,24,41,88,70,112,Consumer Goods;Information Technology;Hospitality,3,5,1,6,7,2,9,Female,No Preference
55,174,151,135,91,157,31,148,97,15,37,33,113,28,140,166,Biotechnology;Energy;Pharmaceuticals;Agriculture,4,7,1,10,5,9,3,Male,No Preference
56,11,81,5,127,159,189,138,80,78,98,93,177,161,105,172,Construction;Pharmaceuticals;Energy;Manufacturing;Consumer Goods,8,6,2,4,1,10,9,Female,Female
57,79,43,92,52,151,9,148,96,192,46,147,162,14,146,12,Real Estate;Agriculture,9,2,4,8,6,3,10,Male,No Preference
58,150,53,22,142,78,144,149,28,82,101,5,179,159,67,65,Manufacturing;Agriculture;Biotechnology;Telecommunications,2,8,7,10,4,3,9,Male,No Preference
59,57,174,77,151,163,25,78,155,115,123,30,185,68,134,127,Telecommunications;Real Estate;Manufacturing;Energy;Hospitality,7,1,3,10,6,8,4,Female,Female
60,89,97,168,115,114,90,119,98,195,177,91,156,60,132,5,Information Technology;Hospitality,5,10,4,3,9,6,1,Male,No Preference
61,40,20,90,184,180,170,86,41,45,150,12,130,137,175,133,Transportation and Logistics;Consumer Goods;Information Technology;Mining,8,9,4,6,1,3,10,Male,Male
62,172,22,185,106,27,146,194,68,59,6,123,48,115,192,31,Biotechnology;Telecommunications;Information Technology;Pharmaceuticals;Agriculture,2,1,3,5,4,10,7,Female,Female
63,156,78,40,56,175,134,195,13,120,142,94,97,35,115,124,Information Technology;Manufacturing;Biotechnology;Construction;Hospitality,10,5,1,6,4,2,8,Male,No Preference
64,51,25,112,32,70,4,93,22,183,59,127,114,82,8,143,Pharmaceuticals;Hospitality,6,7,3,1,4,2,8,Male,No Preference
65,158,108,190,83,138,97,128,196,103,59,10,159,57,51,48,Manufacturing,3,4,6,10,8,9,1,Female,No Preference
66,145,179,131,142,152,107,178,172,19,29,108,138,150,86,169,Construction;Manufacturing;Hospitality;Consumer Goods;Agriculture,8,6,10,1,9,2,4,Male,No Preference
67,31,39,2,193,185,47,77,136,162,133,192,125,20,95,119,Real Estate;Biotechnology;Transportation and Logistics;Automotive,10,9,4,7,1,3,5,Male,No Preference
68,144,7,33,98,108,158,139,157,161,175,27,81,121,72,77,Pharmaceuticals;Information Technology;Mining,6,1,8,2,7,4,9,Male,No Preference
69,119,30,176,81,40,192,21,74,124,2,61,38,7,140,51,Mining;Information Technology,10,1,9,6,4,2,3,Male,No Preference
70,20,123,120,160,80,183,163,48,107,28,87,49,195,162,125,Pharmaceuticals;Information Technology;Telecommunications;Hospitality;Real Estate,4,1,2,10,9,8,7,Female,No Preference
71,82,8,89,117,190,100,69,83,187,51,109,192,158,57,196,Manufacturing;Energy,2,6,1,3,8,7,9,Male,No Preference
72,78,77,125,117,89,93,140,101,63,75,110,83,107,80,111,Energy;Agriculture;Hospitality,9,6,10,5,7,3,1,Male,No Preference
73,114,16,44,2,90,84,161,157,56,4,166,35,122,192,106,Real Estate;Telecommunications;Biotechnology;Construction,7,10,8,3,6,5,2,Male,No Preference
74,9,8,192,118,67,57,167,190,163,175,168,54,39,144,193,Consumer Goods;Mining;Telecommunications;Manufacturing,2,4,7,3,5,9,1,Female,No Preference
75,124,96,75,114,179,102,127,81,54,82,106,125,136,43,30,Construction;Pharmaceuticals,9,10,6,5,1,8,4,Male,No Preference
76,8,126,90,31,191,140,77,165,194,67,3,104,80,100,94,Information Technology;Manufacturing;Hospitality;Telecommunications;Transportation and Logistics,4,7,2,1,8,10,6,Male,No Preference
77,66,14,191,120,43,95,93,0,4,140,73,116,39,112,152,Automotive;Real Estate,1,4,6,2,5,3,8,Male,No Preference
78,37,89,36,65,21,69,56,6,27,193,78,98,79,67,183,Biotechnology;Energy,10,6,5,7,1,8,3,Female,No Preference
79,2,116,46,43,191,152,12,104,133,59,196,172,51,55,44,Biotechnology;Telecommunications;Real Estate;Energy;Transportation and Logistics,5,7,4,2,3,6,9,Male,No Preference
80,3,9,162,78,173,56,67,68,198,43,94,116,146,59,172,Information Technology;Energy;Automotive;Biotechnology;Pharmaceuticals,3,2,7,1,5,9,6,Male,No Preference
81,105,140,101,128,45,122,110,176,193,34,94,72,10,96,127,Consumer Goods;Energy;Construction,4,1,8,6,7,2,5,Male,No Preference
82,123,19,31,151,70,157,192,51,95,170,152,187,10,116,69,Mining;Real Estate,2,6,9,7,1,3,10,Female,No Preference
83,148,178,103,81,31,43,147,93,158,122,37,22,46,97,144,Agriculture,1,4,6,7,10,2,3,Female,No Preference
84,126,90,130,66,85,12,34,4,95,39,29,116,151,110,185,Real Estate;Construction,1,9,5,2,7,6,10,Female,No Preference
85,5,68,184,139,83,67,71,61,119,96,142,163,9,12,112,Pharmaceuticals;Consumer Goods;Mining;Construction,9,10,1,2,6,7,5,Male,No Preference
86,94,113,101,14,175,52,184,188,9,37,102,10,85,97,16,Biotechnology;Real Estate;Hospitality;Construction,2,8,3,7,4,9,5,Male,Male
87,100,23,120,1,30,64,114,172,33,106,157,116,174,127,68,Pharmaceuticals,2,9,8,10,3,1,6,Male,No Preference
88,97,109,134,56,104,114,51,15,30,155,89,46,111,126,140,Information Technology;Biotechnology;Telecommunications;Agriculture;Hospitality,1,3,8,4,6,5,10,Female,No Preference
89,152,158,89,118,67,129,190,69,91,176,53,68,31,192,159,Real Estate;Information Technology,5,2,4,8,3,9,7,Female,No Preference
90,20,133,22,158,43,103,144,5,46,56,147,63,35,77,54,Agriculture,9,2,5,6,3,10,4,Female,No Preference
91,114,159,43,26,142,50,120,54,131,125,156,66,148,113,104,Construction;Transportation and Logistics,7,9,4,5,3,8,1,Female,No Preference
92,132,115,178,145,121,28,156,139,163,25,147,46,129,196,23,Agriculture;Mining;Biotechnology,5,3,8,6,4,10,7,Female,No Preference
93,144,128,59,104,107,49,4,121,113,85,175,38,153,5,139,Construction;Mining;Pharmaceuticals;Consumer Goods,3,9,10,8,6,4,7,Male,No Preference
94,143,126,184,35,101,67,163,197,63,173,150,131,25,137,28,Biotechnology,8,6,3,5,7,9,2,Female,No Preference
95,21,1,127,96,137,84,146,97,195,168,87,77,49,119,94,Construction;Information Technology,1,9,4,5,7,6,10,Male,No Preference
96,28,32,165,177,53,43,103,136,124,123,163,65,152,119,134,Telecommunications,3,6,8,4,5,9,1,Male,No Preference
97,161,54,50,160,48,6,3,81,106,194,139,44,0,131,138,Pharmaceuticals;Mining;Automotive;Information Technology;Transportation and Logistics,9,8,5,4,7,6,3,Female,Female
98,113,73,44,166,101,197,89,60,128,176,77,8,163,162,20,Energy;Hospitality;Automotive,7,8,9,2,1,5,3,Male,No Preference
99,107,162,19,116,67,176,31,68,92,29,152,187,77,192,79,Real Estate,2,5,3,1,6,10,7,Male,No Preference
100,174,25,3,151,78,160,156,75,44,73,163,42,30,66,129,Automotive;Biotechnology,6,4,2,1,8,9,7,Female,Female
101,41,63,140,93,149,103,65,48,144,59,116,193,45,5,152,Consumer Goods;Pharmaceuticals;Construction;Hospitality;Agriculture,1,9,4,5,2,3,6,Male,No Preference
102,28,139,156,48,153,14,198,115,126,152,2,163,76,51,148,Biotechnology;Automotive;Mining;Telecommunications,4,1,7,3,5,8,6,Male,No Preference
103,145,111,120,127,184,186,46,65,93,61,138,112,193,9,72,Consumer Goods;Automotive;Telecommunications;Information Technology;Manufacturing,1,4,6,9,8,2,10,Male,No Preference
104,184,83,37,36,107,85,191,71,79,43,196,51,193,58,153,Real Estate;Telecommunications;Automotive;Manufacturing;Mining,7,3,6,2,9,8,5,Male,Male
105,139,0,123,6,2,30,22,4,59,149,182,7,118,70,124,Mining,10,3,7,1,6,5,8,Female,Female
106,183,68,59,56,13,88,37,148,25,70,103,91,93,52,136,Hospitality;Real Estate;Pharmaceuticals;Consumer Goods;Telecommunications,5,1,4,6,7,9,8,Female,No Preference
107,53,0,30,34,81,114,71,129,149,72,108,132,161,4,24,Pharmaceuticals;Mining;Consumer Goods;Automotive;Construction,3,2,7,8,5,1,10,Female,No Preference
108,195,56,108,89,186,145,63,141,25,174,98,84,33,66,4,Information Technology;Transportation and Logistics;Agriculture;Construction,2,4,10,6,8,5,7,Male,No Preference
109,82,121,158,192,39,2,10,22,48,184,83,140,195,196,142,Manufacturing;Mining,4,1,8,3,7,2,6,Male,No Preference
110,149,66,3,63,89,98,29,178,143,122,116,26,180,104,50,Transportation and Logistics;Pharmaceuticals;Agriculture;Biotechnology,8,2,3,4,7,10,1,Female,No Preference
111,103,166,31,158,172,70,89,1,163,164,159,179,5,44,17,Transportation and Logistics;Agriculture,4,6,7,1,3,10,2,Male,No Preference
112,37,91,33,175,12,128,109,10,100,179,19,147,140,13,51,Agriculture;Construction;Manufacturing;Hospitality,6,8,2,3,5,9,1,Male,Male
113,59,159,70,89,152,98,7,139,91,170,161,137,30,23,69,Information Technology;Mining,8,5,10,7,3,4,1,Female,No Preference
114,180,193,191,109,184,187,72,125,100,119,133,4,83,35,61,Energy;Biotechnology;Information Technology;Real Estate,3,2,10,1,7,8,4,Male,Male
115,142,129,118,70,106,156,123,0,159,189,182,2,47,105,161,Mining;Construction,6,2,3,7,5,8,9,Female,Female
116,122,176,33,142,199,50,72,97,54,46,6,135,96,102,197,Transportation and Logistics;Biotechnology;Information Technology;Construction;Mining,9,4,10,7,8,5,6,Male,No Preference
117,171,58,174,75,46,102,135,184,136,109,132,21,164,0,104,Consumer Goods;Construction;Agriculture;Telecommunications;Mining,8,9,3,5,10,4,6,Female,No Preference
118,15,101,98,185,6,22,120,129,177,146,196,57,30,93,90,Biotechnology;Information Technology;Manufacturing;Hospitality,6,2,1,10,9,3,7,Female,No Preference
119,189,160,111,102,136,2,32,148,132,22,4,80,70,63,114,Hospitality;Construction,7,8,5,6,1,2,10,Male,No Preference
120,104,156,25,31,179,22,74,151,83,174,6,125,73,100,142,Pharmaceuticals;Consumer Goods;Mining;Biotechnology,6,8,9,7,4,10,1,Male,No Preference
121,8,70,123,30,195,139,77,160,59,99,176,65,0,155,177,Hospitality;Mining,2,1,9,8,3,7,5,Female,Female
122,193,89,136,56,99,106,30,196,100,53,21,160,157,44,15,Transportation and Logistics;Automotive;Pharmaceuticals,6,7,8,1,5,10,2,Male,No Preference
123,21,2,161,156,148,33,195,102,94,47,61,12,1,152,69,Construction;Energy,2,1,8,3,10,9,6,Male,No Preference
124,161,90,83,168,149,196,86,178,69,17,56,134,137,111,77,Agriculture;Manufacturing;Information Technology,8,5,6,10,1,7,3,Male,No Preference
125,61,75,111,149,132,4,80,45,67,164,30,125,102,5,158,Information Technology;Manufacturing;Consumer Goods;Energy,4,10,6,7,9,2,5,Male,No Preference
126,54,62,92,192,59,194,29,96,90,103,162,44,198,157,33,Telecommunications;Real Estate;Construction;Agriculture;Automotive,10,6,2,7,3,5,8,Female,No Preference
127,174,80,89,29,36,9,133,125,1,131,140,28,62,115,176,Energy;Agriculture,6,10,5,7,3,9,8,Male,No Preference
128,151,0,129,157,149,92,144,78,52,167,190,137,186,14,100,Information Technology;Real Estate;Automotive,9,2,1,10,4,8,5,Male,No Preference
129,104,129,122,97,36,131,69,177,96,146,114,49,84,5,164,Real Estate;Manufacturing;Construction;Consumer Goods;Automotive,2,7,4,1,9,6,3,Male,No Preference
130,137,163,152,104,18,31,168,12,73,150,142,56,75,108,154,Consumer Goods,10,1,7,5,6,4,8,Male,No Preference
131,5,111,31,62,30,192,70,190,93,156,48,159,151,126,189,Biotechnology;Information Technology,1,5,3,9,2,8,4,Female,Female
132,167,156,93,22,120,168,170,49,184,73,66,151,97,46,75,Manufacturing;Hospitality;Mining;Information Technology;Automotive,8,5,10,2,9,3,7,Female,No Preference
133,46,68,110,153,3,142,174,166,88,31,136,114,48,138,59,Pharmaceuticals;Telecommunications;Real Estate;Energy;Automotive,6,5,4,8,9,1,7,Male,No Preference
134,196,176,194,22,44,61,115,2,9,8,45,17,91,163,177,Biotechnology;Energy;Agriculture;Consumer Goods,1,3,4,2,5,6,10,Female,No Preference
135,23,33,196,63,67,100,82,152,37,28,46,109,120,86,35,Telecommunications;Biotechnology;Pharmaceuticals,7,8,2,1,6,5,10,Male,Male
136,179,145,114,102,142,59,85,115,88,113,37,9,128,186,187,Pharmaceuticals;Automotive,7,1,2,9,4,8,3,Male,No Preference
137,193,97,108,119,17,1,144,112,162,20,180,72,107,100,37,Manufacturing;Agriculture;Energy;Consumer Goods,8,3,6,7,9,1,10,Male,Male
138,151,46,8,51,23,192,72,63,176,158,155,13,111,44,189,Information Technology;Hospitality;Telecommunications;Transportation and Logistics,3,6,5,9,1,10,2,Male,No Preference
139,119,9,103,130,168,144,97,184,170,20,88,96,23,91,4,Information Technology;Agriculture;Mining;Transportation and Logistics,1,3,2,8,10,5,4,Male,Male
140,51,88,2,54,70,119,197,198,77,187,152,75,0,134,101,Transportation and Logistics;Agriculture;Energy;Telecommunications,3,4,9,2,1,5,10,Female,No Preference
141,118,164,83,167,185,82,120,63,161,152,23,113,4,40,163,Information Technology;Agriculture;Automotive;Transportation and Logistics;Consumer Goods,1,2,7,9,6,4,3,Female,No Preference
142,167,128,199,177,120,140,37,44,102,174,99,179,118,166,3,Automotive,8,9,7,5,4,1,2,Male,No Preference
143,82,72,114,3,128,83,127,109,134,49,77,189,78,108,176,Information Technology;Manufacturing,8,3,6,1,7,10,2,Female,No Preference
144,80,178,8,99,48,89,134,32,174,182,56,59,151,145,3,Mining;Manufacturing;Hospitality;Transportation and Logistics,5,3,1,9,7,6,8,Female,Female
145,30,65,51,100,67,191,125,23,12,61,90,194,165,132,38,Mining;Construction;Information Technology;Telecommunications;Agriculture,9,4,2,3,10,1,7,Male,No Preference
146,127,152,183,78,174,88,59,28,102,110,118,75,79,197,89,Energy,6,3,7,8,1,2,9,Male,No Preference
147,75,122,138,85,58,128,97,118,112,114,176,140,5,186,119,Automotive;Information Technology,8,6,2,1,3,7,10,Male,No Preference
148,75,185,31,29,151,116,172,44,192,176,77,59,126,146,99,Real Estate,2,5,3,10,7,4,8,Female,Female
149,118,187,153,95,67,16,126,191,185,29,44,162,146,75,116,Real Estate,10,4,8,7,2,9,1,Male,No Preference
150,122,182,57,39,108,10,4,78,74,62,44,93,25,135,0,Agriculture;Mining;Pharmaceuticals;Manufacturing,7,6,3,9,8,4,2,Female,No Preference
151,158,88,37,78,156,27,190,63,38,53,194,90,81,175,143,Agriculture;Energy;Biotechnology;Information Technology,2,5,7,1,9,10,6,Female,No Preference
152,131,114,0,119,62,107,94,120,66,115,140,84,160,130,177,Automotive;Agriculture;Construction,1,5,10,9,4,3,8,Female,No Preference
153,167,41,158,53,191,165,198,113,79,107,76,46,63,17,162,Consumer Goods;Agriculture;Telecommunications;Energy,9,7,5,3,6,8,10,Male,Male
154,125,97,88,25,100,119,70,142,172,64,192,71,111,159,139,Mining;Telecommunications;Manufacturing;Hospitality;Pharmaceuticals,6,10,1,7,2,4,9,Male,No Preference
155,105,25,120,55,54,74,178,168,163,12,96,131,125,114,27,Transportation and Logistics;Construction;Hospitality;Telecommunications,7,10,8,4,2,1,9,Female,No Preference
156,161,107,10,122,164,113,151,105,16,156,82,187,134,47,101,Construction;Consumer Goods;Biotechnology;Telecommunications,2,3,9,8,1,10,4,Female,No Preference
157,82,150,193,132,128,16,41,28,45,152,199,168,12,137,83,Consumer Goods,6,9,10,8,3,4,5,Male,Male
158,72,1,122,91,114,120,119,12,107,61,20,100,137,158,4,Information Technology;Construction,3,6,10,8,5,4,2,Male,Male
159,114,136,45,15,180,196,71,23,179,100,157,33,1,91,9,Pharmaceuticals,6,10,8,4,2,7,3,Male,Male
160,129,145,29,22,42,176,44,0,68,160,118,66,75,116,50,Real Estate;Automotive,2,6,7,3,4,5,8,Female,Female
161,175,28,16,58,162,167,132,158,122,156,61,22,100,46,193,Mining;Information Technology;Automotive;Energy;Real Estate,7,2,1,4,6,10,3,Male,No Preference
162,65,183,197,59,146,162,101,89,110,80,94,61,176,79,88,Energy,2,4,6,1,8,10,3,Male,No Preference
163,103,11,190,8,43,189,63,163,135,77,137,1,35,122,0,Consumer Goods;Agriculture,8,7,6,3,2,10,9,Male,No Preference
164,128,142,176,138,8,78,83,51,39,114,100,3,20,195,103,Manufacturing,3,6,4,10,2,9,5,Male,No Preference
165,124,123,57,90,102,172,187,27,146,32,130,144,189,142,14,Telecommunications;Real Estate;Automotive;Manufacturing;Mining,3,6,4,2,9,8,1,Female,No Preference
166,62,150,43,74,92,172,51,187,46,119,159,118,114,162,144,Telecommunications;Real Estate,6,1,3,7,4,10,9,Female,No Preference
167,145,155,81,48,53,9,22,72,19,89,86,33,38,185,132,Information Technology;Telecommunications;Hospitality,1,4,5,10,3,2,6,Female,No Preference
168,137,185,175,87,53,105,192,144,122,88,152,5,112,61,189,Mining;Construction;Information Technology,4,7,9,8,6,10,5,Male,No Preference
169,85,95,5,127,10,157,176,187,32,75,61,59,39,158,62,Automotive;Real Estate;Energy;Hospitality;Agriculture,6,8,10,9,5,4,7,Male,No Preference
170,131,148,178,147,115,189,0,179,88,37,112,194,9,127,122,Energy;Agriculture,3,6,1,8,7,4,5,Female,No Preference
171,198,186,97,44,20,94,59,14,81,78,1,131,135,122,96,Mining;Energy;Construction;Biotechnology;Transportation and Logistics,6,5,8,2,1,4,9,Female,No Preference
172,77,125,195,140,62,199,104,28,3,196,20,167,47,147,56,Transportation and Logistics;Agriculture;Telecommunications;Real Estate;Manufacturing,3,7,2,5,6,4,10,Female,No Preference
173,159,187,58,134,46,28,114,177,76,74,115,152,198,35,103,Telecommunications,1,4,8,7,6,9,2,Male,No Preference
174,115,103,112,178,36,168,2,13,193,88,51,1,48,118,32,Hospitality;Agriculture;Energy,8,2,6,5,4,9,7,Male,No Preference
175,70,95,19,45,32,8,4,107,59,69,33,128,124,184,77,Telecommunications;Real Estate;Pharmaceuticals;Mining;Consumer Goods,10,5,2,7,8,4,9,Male,No Preference
176,12,116,153,172,43,68,4,19,14,146,176,107,77,90,75,Real Estate,7,2,10,5,1,9,8,Male,No Preference
177,36,72,175,83,96,82,120,140,199,45,103,26,51,14,109,Manufacturing;Consumer Goods;Transportation and Logistics;Biotechnology,9,10,7,5,3,8,4,Male,Male
178,96,90,61,6,93,54,66,187,109,28,103,81,122,101,99,Telecommunications;Transportation and Logistics;Agriculture;Hospitality;Biotechnology,7,2,9,1,10,4,3,Male,No Preference
179,20,137,162,48,14,65,70,47,54,183,95,0,52,75,143,Energy;Biotechnology;Transportation and Logistics;Real Estate,2,4,9,7,1,5,10,Female,No Preference
180,79,82,90,165,191,152,117,26,197,100,35,67,119,83,193,Pharmaceuticals;Transportation and Logistics;Energy;Telecommunications;Information Technology,2,9,8,10,4,5,1,Male,Male
181,182,37,155,60,91,81,124,56,28,168,144,152,19,17,167,Agriculture;Manufacturing;Telecommunications;Hospitality;Consumer Goods,2,3,10,1,7,6,8,Male,No Preference
182,79,187,140,61,100,102,193,162,36,88,197,94,107,152,125,Energy,7,6,1,8,4,2,3,Male,Male
183,11,193,164,137,108,18,72,177,83,174,16,41,123,150,28,Consumer Goods,3,9,4,7,6,1,5,Female,No Preference
184,73,135,148,48,63,140,186,6,109,138,91,128,126,175,184,Automotive;Biotechnology,10,3,1,7,8,6,9,Female,No Preference
185,54,82,148,144,189,152,103,196,133,145,194,63,120,59,37,Agriculture;Consumer Goods;Pharmaceuticals,6,8,1,2,5,10,9,Female,No Preference
186,145,104,88,153,90,53,43,167,165,139,35,27,25,45,22,Mining;Telecommunications;Consumer Goods,6,5,10,9,4,3,7,Female,No Preference
187,51,180,22,8,32,135,77,15,70,107,13,33,48,112,155,Hospitality,1,10,6,2,9,3,5,Female,No Preference
188,69,185,87,68,52,40,140,193,70,14,137,159,61,149,27,Information Technology;Automotive;Real Estate,2,7,9,3,4,10,1,Male,No Preference
189,9,120,114,152,76,46,196,153,125,71,103,193,199,198,74,Telecommunications;Energy;Transportation and Logistics;Pharmaceuticals,8,3,9,2,6,10,5,Male,Male
190,88,163,61,197,21,79,102,110,35,140,80,75,118,176,183,Energy,5,6,8,7,3,9,4,Female,No Preference
191,174,48,146,19,153,172,127,180,70,142,43,124,162,38,107,Real Estate;Pharmaceuticals,1,5,2,9,8,3,4,Male,No Preference
192,128,194,129,82,114,91,39,9,88,124,70,78,98,36,32,Transportation and Logistics;Biotechnology;Telecommunications;Manufacturing,10,9,4,7,5,3,6,Male,No Preference
193,70,159,18,62,31,106,80,56,195,30,134,124,148,99,146,Energy;Consumer Goods;Information Technology;Hospitality;Telecommunications,3,7,5,6,2,1,10,Female,Female
194,16,79,75,146,10,95,107,99,19,116,59,12,151,172,39,Real Estate,10,7,8,2,5,9,6,Male,No Preference
195,86,36,10,51,184,103,20,82,128,100,162,109,196,108,158,Manufacturing,2,9,3,5,6,8,1,Male,Male
196,186,47,43,112,63,189,124,85,142,161,75,110,122,12,105,Construction,9,10,7,2,5,3,1,Male,No Preference
197,77,99,66,75,120,167,199,3,149,138,102,37,156,58,0,Automotive,10,8,4,5,3,1,2,Male,No Preference
198,27,135,131,6,126,25,50,93,30,148,48,160,156,129,62,Biotechnology,5,10,7,6,8,1,3,Female,Female
199,183,107,101,102,69,118,100,89,176,30,80,59,125,162,36,Energy,10,3,9,7,1,8,6,Male,No Preference
