Mentor ID,Mentor Name,Mentee ID,Mentee Name,Mentor Preference Number,Mentee Preference Number
0,Elise Wilder,142,Daxton McCoy,2,14
1,Roman Hayes,43,Orrin Fletcher,3,1
2,Faye Remington,57,Briar Logan,1,7
3,Caspian Lowe,33,Caelan Forrest,3,5
4,Etta Monroe,117,Teague Sutton,2,7
5,Griffin Cross,38,Isara Carver,2,4
6,Ivy Mathis,74,Thorne Huxley,1,4
7,Orin Hale,122,Tamsin Rowe,2,7
8,Elara Clarke,184,Damien Walsh,3,6
9,Caden Foster,155,Mira Calloway,8,3
10,Liana Grey,154,Lennox Greer,6,2
11,Holden Drake,127,Mila Gable,1,15
12,Isolde Finch,86,Siobhan Neal,1,N/A
13,Paxton Whitmore,110,Maxton Hayes,7,2
14,Seren Hayes,163,Quincy Bishop,3,9
15,Zander Lake,85,Lachlan Gray,2,5
16,Lyra Harlan,120,Nerissa Blake,4,1
17,Reeve Walton,4,Leif Branson,2,7
18,Marigold Shaw,173,Caiden Locke,1,11
19,Bowen Gray,152,Mathis Finch,4,3
20,Elysia Hale,199,Dorian Locke,2,8
21,Luca Monroe,166,Coraline Quinn,1,5
22,Naya Reid,96,Alessia Stone,4,4
23,Maxton Carter,180,Orion Maxwell,1,9
24,Opal Tate,196,Calla Morrison,11,2
25,Zephyr Bowen,30,Sabine Rojas,2,4
26,Alina Morgan,113,Nara Wilder,5,4
27,Lachlan Woods,151,Briar Vaughn,4,1
28,Talia Drake,195,Jasper Knight,6,1
29,Theron Hale,143,Lilith Hale,2,8
30,Sylvie Reid,162,Faye Emerson,3,9
31,Atlas Vaughn,108,Valen Carter,8,1
32,Elinor Fields,80,Imogen Castor,1,N/A
33,Sterling Voss,48,Elowyn Reed,2,N/A
34,Livia Hart,66,Evadne Sawyer,7,3
35,Arden Lowe,169,Jaxon Reeves,1,10
36,Rhett Palmer,192,Vera McCoy,3,4
37,Verona Maddox,147,Sabina Wilder,1,8
38,Declan Reed,69,Elara Finch,3,4
39,Amara Hayes,170,Rhiannon Hale,3,6
40,Owen Frost,13,Soren Voss,5,2
41,Brielle Larson,181,Ivy Ward,7,1
42,Kael Montgomery,75,Aisling Knight,1,8
43,Odalys Quinn,144,Bowen Hayes,2,3
44,Soren Beck,54,Rylan Hart,9,2
45,Astrid Maddox,131,Selene Moon,1,N/A
46,Drake Langston,185,Lilia Fox,1,8
47,Maeva Price,25,Ren Beaumont,4,7
48,Camden Lang,10,Cassia Bloom,9,3
49,Aurora Vale,150,Fenley Hale,11,1
50,Eamon Hart,104,Cillian Frost,4,2
51,Ember Whitman,126,Holden Hart,4,11
52,Tristan March,135,Esme Vaughn,6,1
53,Isla Nairn,81,Nova Belmont,3,1
54,Warren Hayes,6,Orion Huxley,1,7
55,Paloma Quinn,11,Eamon Fitzgerald,2,9
56,Rowan Tate,21,Rhys Hamilton,7,1
57,Vivienne Bell,172,Fleur Hastings,3,9
58,Everett Lewis,123,Keegan Stone,5,6
59,Leona Shaw,59,Elysia Compton,1,13
60,Griffin Vaughn,5,Thalia Rivera,3,7
61,Sylvia Rhodes,72,Wilder Vaughn,5,2
62,Linden Fox,71,Evangeline Hart,6,9
63,Freya Bell,3,Seraphina Whitmore,1,6
64,Beckett Monroe,121,Finn Callahan,1,N/A
65,Cora Haynes,65,Amelie Woodward,9,2
66,Wilder Finch,67,Declan Frost,2,N/A
67,Mira Langston,42,Lysandra Shore,5,2
68,Evander Brooks,58,Hadrian Leclair,13,2
69,June Preston,168,Marina Stone,6,3
70,Damian Walker,97,Iver Holden,4,7
71,Celine Frost,187,Rowan Field,6,6
72,Arlo Whitney,82,Jareth Blake,1,9
73,Nora Calloway,78,Cecily Monroe,5,10
74,Wyatt Banks,90,Kellan Stark,5,2
75,Juniper Carr,63,Taryn Russell,3,2
76,Thorne Hale,50,Veda McAllister,9,1
77,Emilia Rhodes,52,Alistair Cruz,5,2
78,Sterling Ross,99,Archer Dalton,4,12
79,Esme Taylor,39,Rowan Grayson,1,9
80,Madden Blake,114,Rowan Brice,3,N/A
81,Hazel Brooks,197,Torin Frost,1,5
82,Valen Barrett,133,Helena Locke,9,4
83,Sable Wyatt,28,Elara Hastings,3,9
84,Quinlan Moss,156,Jaxson Wood,11,2
85,Lyla Hale,91,Mirren Cole,1,2
86,Camden Wells,18,Kieran Westbrook,7,10
87,Ruby Tate,129,Arden Black,4,7
88,Thayer Weston,193,Weston Hale,1,13
89,Iris Knox,111,Phoebe Greer,4,3
90,Callen Brooks,141,Elara Monroe,2,N/A
91,Mira Wallace,140,Rowan Gray,3,6
92,Arlen Finn,179,Ember Whitfield,9,5
93,Ivy Winslow,79,Griffin Tanner,4,10
94,Jasper Cade,47,Dax Remington,4,3
95,Faye Carrington,145,Anais Bell,1,13
96,Orion Vale,87,Emerson Wren,10,5
97,Nova Dane,64,Xander Morrison,13,3
98,Theron Walsh,105,Ember Larkin,4,1
99,Leila Palmer,125,Livia Madden,1,9
100,Roman Hayes,19,Freya Langford,1,13
101,Maelis Clark,27,Cassian Delaney,5,1
102,Sterling Finch,23,Dorian Astor,13,1
103,Nora Valdez,171,Declan West,4,8
104,Gideon Shaw,189,Asher Vaughn,5,7
105,Seraphina Vaughn,109,Seren Locke,1,N/A
106,Landon Bell,29,Idris Monteiro,1,7
107,Sylvia Watts,116,Adair Russell,4,7
108,Raine Taylor,93,Valencia Sterling,8,1
109,Lochlan Drake,17,Amara Lindholm,1,4
110,Alba Caldwell,138,Desmond Swift,8,4
111,Jaxon Frost,55,Inara Townsend,8,1
112,Ivy Quinn,161,Callen Paige,4,7
113,Silas McCoy,134,Tristan Blake,2,11
114,Rowan Tate,164,Brynn Sutherland,2,N/A
115,Eden Lewis,149,Keir Holt,2,7
116,Thorne Fields,61,Kaida Lawson,2,N/A
117,Iris Walker,158,Sterling Quinn,5,7
118,Cassian Vaughn,24,Maelis Calder,2,15
119,Talia Morgan,101,Tiberius Walsh,2,3
120,Everett Vaughn,56,Zev Caldwell,12,N/A
121,Flora Harrison,130,Roman Beck,2,2
122,Orion Maddox,12,Nyla Winters,7,N/A
123,Sage Bowman,167,Everett Walsh,2,N/A
124,Adeline Morgan,103,Luna Hale,5,2
125,Wilder Hayes,62,Mirabel Quinn,2,N/A
126,Esme Caden,190,Maris Wilder,3,11
127,Arwen Palmer,15,Zephyr Larson,1,N/A
128,Finn Douglas,102,Callum Reeve,1,N/A
129,Etta Collins,26,Zinnia Greer,4,9
130,Cassian Fields,159,Thorne Maxwell,2,12
131,Rhea Vaughn,76,Raine Calloway,9,10
132,Weston Hall,107,Jocelyn Duke,1,N/A
133,Vivian Morris,51,Fenella Hayes,13,2
134,Arlo Drake,182,Sawyer Lennox,12,3
135,Isla Monroe,119,Elias Brooks,2,N/A
136,Lachlan Brooks,41,Elyria Page,5,3
137,Sage Vaughn,84,Leona Pierce,12,3
138,Maeve Hale,1,Kai Thompson,5,12
139,Theo Lewis,49,Silas Porter,1,14
140,Leona Carr,37,Dante Lyons,2,7
141,Jaxon Finch,194,Luna Vaughn,10,3
142,Isla Whitmore,7,Alaric Devereaux,2,N/A
143,Westin Vaughn,32,Mireille Duchamp,10,10
144,Celine Hale,70,Rowan Sinclair,3,N/A
145,Rowan Maddox,198,Farrah Knight,3,N/A
146,Orion Fox,148,Daria Wren,2,N/A
147,Talia Ross,124,Verona Wells,2,15
148,Wade Harlan,95,Damian Wells,5,2
149,Zoey Walton,46,Solara Avery,3,N/A
150,Orion Beckett,139,Aveline Kerr,9,6
151,Raina Taylor,157,Maia Rivers,4,4
152,Blake Caldwell,22,Azura Wakefield,15,1
153,Nova Lane,176,Gideon Stone,10,1
154,Sterling Vaughn,132,Wilder Vaughn,9,1
155,Jaxon Brooks,40,Teagan Miles,8,1
156,Maeve Vaughn,146,Torin Knight,10,4
157,Alaric Scott,98,Sabine Foster,11,N/A
158,Eden Reed,177,Liana Frost,5,1
159,Zane Whitmore,89,Zara Page,4,N/A
160,Esme Walker,92,Halcyon Ward,15,N/A
161,Rowan Tate,153,Lyric Frost,15,3
162,Hazel Reed,9,Lysander Ellison,3,4
163,Axel Monroe,34,Lyra Emerson,5,1
164,Brielle Knox,100,Odette Lane,4,2
165,Caden McCoy,106,Orion King,8,N/A
166,Vera Walker,160,Ivy Hart,15,3
167,Theron Langston,36,Sable Preston,5,6
168,Adair Winslow,35,Corin Hartford,8,11
169,Holden Fox,77,Caelum Ashton,N/A,4
170,Aurelia Scott,137,Vivienne King,7,15
171,Sage Tate,112,Darian Hunt,1,N/A
172,Roman Shaw,115,Zinnia Bennett,2,N/A
173,Mira Lewis,183,Tessa Bloom,7,3
174,Wilder Hart,88,Fabian Walker,5,N/A
175,Raina Whitman,83,Calista Brooks,1,N/A
176,Finn Maddox,136,Kaelan Ashford,N/A,5
177,Ivy Stone,45,Calix Vaughn,N/A,N/A
178,Theo Whitman,14,Calista Morgan,4,1
179,Ember Hale,0,Aurora Sinclair,11,3
180,Bryce Landon,16,Liora Valente,1,N/A
181,Freya Scott,165,Ashton Blake,2,6
182,Orion Taylor,8,Isolde Kensington,N/A,3
183,Elara Hart,94,Renata Fox,N/A,N/A
184,Eamon Shaw,174,Arden Walsh,13,6
185,Sage Frost,31,Thorne Bishop,15,N/A
186,Lachlan Vaughn,20,Elowen March,N/A,5
187,Tessa Maddox,128,Atlas Sinclair,N/A,3
188,Evander Whitmore,188,Sable Knox,N/A,N/A
189,Zara Vaughn,186,Beckett Hayes,2,N/A
190,Callum Cross,118,Aviana Fields,N/A,1
191,Isla Harlan,175,Zara Bennett,4,5
192,Weston Stone,73,Alina Kendrick,N/A,N/A
193,Lyra Walker,191,Elias Drake,10,4
194,Sterling Knox,178,Kane Oâ€™Hara,N/A,N/A
195,Aurelia Fox,68,Juniper Holt,4,1
196,Knox Reed,2,Evander Mason,N/A,N/A
197,Laurel Tate,60,Theron Wells,2,8
198,Thorne Hayes,44,Amira Santos,N/A,N/A
199,Elise Vaughn,53,Orla Hennessy,N/A,N/A
